Year,Longitude,Latitude
2013,153.0154765,-27.41881873
2013,153.0575781,-27.43821837
2013,153.032682,-27.428719
2013,152.984769,-27.418156
2013,153.014304,-27.458704
2013,153.031102,-27.39344861
2013,153.088863,-27.366384
2013,153.018667,-27.460447
2013,153.008713,-27.467403
2013,152.994226,-27.481652
2013,152.9877296,-27.48948983
2013,152.9832089,-27.41792499
2013,153.029125,-27.465239
2013,153.030916,-27.385529
2013,153.0605534,-27.35324744
2013,153.012828,-27.426126
2013,153.055633,-27.418369
2013,153.004804,-27.471313
2013,153.024762,-27.466063
2013,153.058387,-27.3309881
2013,153.0198369,-27.41033791
2013,153.028208,-27.449731
2013,152.8567751,-27.55905474
2013,153.0575876,-27.38606541
2013,152.984282,-27.451064
2013,153.012899,-27.456342
2013,152.9836416,-27.48472488
2013,152.9410556,-27.48670657
2013,153.041939,-27.425545
2013,153.068786,-27.395124
2013,153.0305705,-27.44081157
2013,153.006339,-27.469149
2013,153.015432,-27.369077
2013,153.0884217,-27.43476267
2013,153.021622,-27.468954
2013,153.003699,-27.46910733
2013,153.031427,-27.443802
2013,153.045239,-27.416103
2013,152.97956,-27.491834
2013,153.0109905,-27.40966077
2013,152.999791,-27.424929
2013,152.97878,-27.41569902
2013,153.0565734,-27.326771
2013,152.999327,-27.42009
2013,153.037614,-27.447715
2013,153.020342,-27.392597
2013,153.039626,-27.351271
2013,153.0190979,-27.34704378
2013,153.031894,-27.433306
2013,153.0549403,-27.39721867
2013,153.095357,-27.383886
2013,153.059151,-27.392074
2013,153.053012,-27.42075342
2013,153.0266102,-27.46594121
2013,153.006774,-27.454708
2013,153.023515,-27.37592771
2013,153.0411882,-27.4298875
2013,153.0853186,-27.43512115
2013,153.0955027,-27.38488033
2013,152.9869617,-27.39737194
2013,152.990931,-27.443472
2013,153.007096,-27.455558
2013,153.0111813,-27.46887195
2013,153.0288058,-27.46417757
2013,153.0292836,-27.44801455
2013,153.038717,-27.31657267
2013,153.0274263,-27.41185963
2013,153.045722,-27.351176
2013,153.017648,-27.467579
2013,153.0358165,-27.44748751
2013,153.021908,-27.384564
2013,153.0057508,-27.43413179
2013,152.9824203,-27.45565698
2013,153.0156271,-27.3636308
2013,152.992497,-27.41349
2013,152.9428645,-27.42813392
2013,153.0229029,-27.47269861
2013,153.0418795,-27.45304247
2013,152.984688,-27.479313
2013,153.0583898,-27.41593639
2013,152.990869,-27.407269
2013,153.048283,-27.452616
2013,152.962901,-27.506316
2013,153.007764,-27.409218
2013,153.117812,-27.382279
2013,153.1242719,-27.41689487
2013,152.992228,-27.419114
2013,153.0219471,-27.38371269
2013,153.0746536,-27.41170826
2013,153.0044968,-27.4292767
2013,153.045229,-27.468079
2013,153.0418583,-27.31292261
2013,153.013962,-27.346244
2013,153.0543117,-27.38069911
2013,153.031474,-27.389871
2013,153.047282,-27.388325
2013,153.046101,-27.427888
2013,153.0319064,-27.43328957
2013,153.031798,-27.403565
2013,152.974061,-27.413333
2013,153.026386,-27.470132
2013,153.002481,-27.468109
2013,153.03518,-27.459585
2013,153.030937,-27.394182
2013,153.017242,-27.3625754
2013,152.9912457,-27.4071579
2013,153.0338107,-27.45966352
2013,152.975888,-27.501971
2013,152.948766,-27.520444
2013,152.756631,-27.328874
2013,152.991401,-27.450154
2013,152.970449,-27.498056
2013,153.039879,-27.350281
2013,153.0383597,-27.35866163
2013,153.03356,-27.376818
2013,153.0314142,-27.45771884
2013,152.981711,-27.472193
2013,152.937297,-27.50677
2013,153.032891,-27.42885198
2016,153.040332,-27.558939
2016,153.0634373,-27.54600412
2016,152.9232431,-27.59383251
2016,153.144938,-27.463408
2016,153.062047,-27.582182
2016,153.032791,-27.509926
2016,153.032431,-27.485941
2016,153.179671,-27.513965
2016,152.943383,-27.578303
2016,153.01632,-27.483728
2016,153.026913,-27.544331
2016,152.969379,-27.568852
2016,153.030624,-27.484034
2016,153.0293778,-27.50022319
2016,153.050212,-27.503443
2016,152.9934856,-27.58479028
2016,153.099959,-27.584476
2016,153.045464,-27.479537
2016,153.056794,-27.640152
2016,153.060375,-27.620457
2016,152.946947,-27.5278405
2016,153.080001,-27.560242
2016,153.039655,-27.48785
2016,153.170383,-27.446128
2016,153.13652,-27.434331
2016,153.064878,-27.590091
2016,153.054757,-27.47478
2016,153.16761,-27.484915
2016,152.9196936,-27.59992012
2016,153.092602,-27.495425
2016,153.007759,-27.53996
2016,153.074547,-27.492664
2016,153.054457,-27.487269
2016,153.025477,-27.495829
2016,153.167836,-27.474482
2016,153.113583,-27.472857
2016,153.071621,-27.529466
2016,153.066398,-27.55906464
2016,153.0378202,-27.49558079
2016,152.932882,-27.60071764
2016,152.96317,-27.580645
2016,152.9323377,-27.60425889
2016,153.079241,-27.608632
2016,153.032962,-27.509707
2016,153.077168,-27.49353514
2016,153.0511773,-27.47597556
2016,153.119833,-27.537078
2016,153.02939,-27.480805
2016,153.019052,-27.578975
2016,153.034528,-27.506767
2016,153.0398713,-27.49264257
2016,152.980256,-27.568655
2016,153.01915,-27.567613
2016,153.014001,-27.515434
2016,153.074548,-27.561967
2016,153.043191,-27.604425
2016,153.078805,-27.518952
2016,153.095984,-27.471173
2016,153.130539,-27.504874
2016,152.964598,-27.5746716
2016,153.055115,-27.606172
2016,153.091935,-27.4955529
2016,153.167287,-27.437285
2016,153.119084,-27.482317
2016,153.040868,-27.650738
2016,153.0196382,-27.5883664
2016,153.040202,-27.507073
2016,152.982284,-27.52802835
2016,152.957897,-27.565243
2016,152.968655,-27.633567
2016,153.0818437,-27.55972134
2016,153.032412,-27.485999
2016,153.039504,-27.49783
2016,153.027252,-27.6440291
2016,152.975152,-27.510491
2016,153.0302321,-27.50038095
2016,153.058593,-27.448153
2016,153.036081,-27.488567
2016,153.040481,-27.483565
2016,153.020598,-27.556549
2016,153.035541,-27.499528
2016,153.17376,-27.448284
2016,153.061038,-27.616683
2016,153.058646,-27.599159
2016,153.099681,-27.579705
2016,152.927206,-27.588961
2016,153.027298,-27.588501
2016,152.9929533,-27.59586001
2016,153.02387,-27.553346
2016,153.080723,-27.456418
2016,153.026472,-27.496751
2016,153.026769,-27.483536
2016,153.178842,-27.368117
2016,153.0630938,-27.58898137
2016,153.032595,-27.514128
2016,153.068605,-27.472951
2016,153.012385,-27.479221
2016,153.016049,-27.48616
2016,153.068465,-27.611465
2016,153.062539,-27.611419
2016,153.0269884,-27.5149637
2016,153.0667196,-27.62423377
2016,153.063508,-27.471872
2016,153.08118,-27.559854
2016,153.01423,-27.5719094
2016,153.040705,-27.504346
2016,153.057701,-27.495388
2016,153.035083,-27.569942
2016,153.059596,-27.472411
2016,153.0917353,-27.46876712
2016,152.995143,-27.561752
2016,153.066128,-27.561076
2016,153.0419,-27.645783
2016,152.975986,-27.597783
2016,153.041457,-27.64729
2016,153.064911,-27.589983
2016,153.054703,-27.609758
2016,153.0441904,-27.59743291
2016,153.039887,-27.598781
2016,153.0428984,-27.47919283
2016,153.124687,-27.502819
2016,153.041309,-27.611382
2016,153.0499534,-27.64777515
2016,153.021624,-27.512496
2016,153.056572,-27.528803
2016,153.055,-27.51425
2016,152.9538097,-27.61318873
2016,153.020949,-27.558482
2016,153.087802,-27.554186
2016,153.005245,-27.480185
2016,153.0442405,-27.59736268
2016,153.058182,-27.534971
2016,152.955671,-27.595444
2016,152.987334,-27.631072
2016,153.0589283,-27.53837476
2016,153.060855,-27.617678
2016,153.044747,-27.638692
2016,152.987443,-27.596704
2016,153.1076749,-27.56452222
2016,153.010767,-27.474526
2016,153.035657,-27.476423
2016,153.030794,-27.482698
2016,153.0497831,-27.62073538
2016,153.0500389,-27.62039659
2016,153.0575056,-27.64900227
2016,152.9212191,-27.59851549
2016,153.182524,-27.456441
2016,153.145175,-27.46336
2016,153.161851,-27.57113
2016,153.058402,-27.599312
2016,153.05306,-27.51081
2016,153.08482,-27.588215
2016,153.126349,-27.498233
2016,153.051215,-27.611034
2016,153.100719,-27.49988886
2016,153.062744,-27.516169
2016,152.976502,-27.592206
2016,153.106413,-27.586482
2016,152.9876513,-27.5984055
2016,153.099738,-27.554591
2016,153.014036,-27.487402
2016,153.018832,-27.481992
2016,153.040558,-27.520082
2016,153.07043,-27.527888
2016,153.0630282,-27.45386683
2016,153.059961,-27.464368
2016,153.1419,-27.4842
2016,153.1516525,-27.45878908
2016,153.171962,-27.377815
2016,153.075895,-27.544392
2016,153.0171,-27.543462
2016,153.1736077,-27.44486121
2016,153.0410341,-27.48730787
2016,153.0038799,-27.65585693
2016,153.0530854,-27.62442962
2016,153.0123905,-27.58130403
2016,153.046648,-27.505352
2016,153.0357198,-27.57002368
2016,153.031631,-27.569418
2016,153.077937,-27.560819
2016,153.08553,-27.574998
2016,153.124009,-27.503874
2016,153.038858,-27.506763
2016,152.945428,-27.597469
2016,152.956501,-27.625027
2016,152.948985,-27.623852
2016,153.093363,-27.543763
2016,153.090103,-27.570073
2016,153.04364,-27.485701
2016,153.037131,-27.486707
2016,153.165403,-27.476277
2016,153.172148,-27.497389
2016,153.041241,-27.648983
2016,153.114675,-27.508773
2016,152.9757508,-27.56706795
2016,153.0357905,-27.49716349
2016,153.0387202,-27.49680378
2016,153.117599,-27.47993096
2016,153.03214,-27.60859
2016,153.045146,-27.637081
2016,153.069047,-27.47254
2016,153.061323,-27.571581
2016,153.105076,-27.578624
2016,153.128377,-27.480405
2016,153.0449772,-27.49869209
2016,153.019206,-27.544419
2016,153.026542,-27.483336
2016,153.170383,-27.446128
2016,153.075356,-27.605274
2016,153.007059,-27.599356
2016,153.064428,-27.467227
2016,153.035863,-27.476296
2016,153.040271,-27.648121
2016,153.0387,-27.504069
2016,153.067414,-27.52466
2016,153.181584,-27.457958
2016,153.125391,-27.503008
2016,153.063478,-27.5892
2016,152.9820997,-27.53735355
2016,153.063697,-27.573795
2016,153.039587,-27.498231
2016,153.057555,-27.616186
2016,153.041713,-27.598349
2016,153.071123,-27.494202
2016,153.0979146,-27.46029701
2016,153.040332,-27.558939
2016,153.043128,-27.604384
2016,153.038816,-27.507019
2016,153.004107,-27.598532
2016,153.0130655,-27.64206199
2016,152.979082,-27.553529
2016,153.131701,-27.547122
2016,153.164186,-27.559153
2016,153.047521,-27.64745
2016,152.952943,-27.570464
2016,152.956315,-27.5492299
2016,152.980289,-27.568796
2016,152.932228,-27.604085
2016,153.014052,-27.523707
2016,153.07299,-27.51639
2016,153.063499,-27.486713
2016,153.0591286,-27.4689134
2016,153.014412,-27.517984
2016,152.971442,-27.610124
2016,153.0692562,-27.56153685
2016,153.0410716,-27.48051654
2016,153.043303,-27.604311
2016,153.101492,-27.495018
2016,152.987394,-27.59639
2016,153.07044,-27.572805
2016,153.064878,-27.590091
2016,153.026824,-27.586002
2016,153.092437,-27.543569
2016,152.974049,-27.5830076
2016,153.020376,-27.550671
2016,153.04668,-27.576069
2016,153.092339,-27.591269
2016,153.063818,-27.571635
2016,153.073207,-27.573151
2016,153.095485,-27.591757
2016,153.106345,-27.577085
2016,153.180016,-27.514252
2016,153.0465591,-27.63071615
2016,153.024403,-27.57962
2016,153.060293,-27.589077
2016,153.080001,-27.560242
2016,153.0255613,-27.49826367
2016,153.01922,-27.490913
2016,153.048214,-27.623767
2016,152.96133,-27.575994
2016,152.955822,-27.541527
2016,153.063375,-27.575689
2016,153.05,-27.48783
2016,153.1595777,-27.5087328
2016,153.078325,-27.456037
2016,153.085561,-27.562758
2016,153.040739,-27.485232
2016,153.121996,-27.487868
2016,152.9226758,-27.55649544
2016,152.976006,-27.587089
2016,152.981833,-27.538808
2016,153.018832,-27.481992
2016,153.112047,-27.472425
2016,153.062004,-27.611313
2016,153.1033998,-27.50287325
2016,153.1005273,-27.49907029
2016,153.091675,-27.547172
2016,153.0571801,-27.60197927
2016,152.9791586,-27.62867231
2016,152.975213,-27.510551
2016,153.079155,-27.560474
2016,153.0604029,-27.62027385
2016,153.088695,-27.495791
2016,153.0734257,-27.53151433
2016,152.968939,-27.588747
2016,152.981874,-27.597538
2016,153.0643212,-27.48324401
2016,153.124414,-27.502781
2016,152.9550338,-27.624834
2016,153.020697,-27.557945
2016,153.184351,-27.47210339
2016,153.020043,-27.558475
2016,153.042234,-27.645367
2016,153.040887,-27.6501362
2016,153.058894,-27.648834
2016,153.044519,-27.515246
2016,152.976006,-27.587089
2016,152.955315,-27.609591
2016,153.042262,-27.497945
2016,153.0348271,-27.47773296
2016,153.156222,-27.453003
2016,153.049613,-27.6477476
2016,153.046764,-27.502764
2016,153.1017803,-27.44695632
2016,153.034646,-27.500938
2016,153.035053,-27.501022
2016,153.179161,-27.444216
2016,153.0935826,-27.61788432
2016,152.980406,-27.568772
2016,153.061928,-27.58287783
2016,153.090354,-27.554524
2016,152.9836599,-27.64839493
2016,153.051215,-27.611034
2016,153.061664,-27.584166
2016,153.086482,-27.535995
2016,153.0586614,-27.57502409
2016,153.018769,-27.592674
2016,153.037052,-27.501579
2016,153.094817,-27.495909
2016,153.126045,-27.5002167
2016,153.0324812,-27.51020032
2016,153.123579,-27.50349
2016,153.016644,-27.471478
2016,153.020337,-27.558649
2016,153.018318,-27.474019
2016,153.115162,-27.569308
2016,153.1144136,-27.57898312
2016,153.093945,-27.531787
2016,153.103153,-27.533873
2016,153.11101,-27.450226
2016,153.05519,-27.570724
2016,153.020323,-27.5840895
2016,153.090252,-27.57143
2016,153.019654,-27.484913
2016,152.942884,-27.533778
2016,153.029395,-27.518288
2016,152.971169,-27.588325
2016,153.1721943,-27.51619917
2016,153.028707,-27.500294
2016,152.981643,-27.604185
2016,153.0062807,-27.58638368
2016,153.1275866,-27.49563816
2016,153.060174,-27.621742
2016,153.047751,-27.47847
2016,152.918979,-27.604035
2016,152.980289,-27.568796
2016,152.9762546,-27.5091829
2016,153.050695,-27.48342
2016,152.9221262,-27.59322549
2016,153.058426,-27.583356
2016,153.004838,-27.594054
2016,153.104941,-27.577607
2016,153.116766,-27.545278
2016,152.943141,-27.566593
2016,153.086952,-27.564017
2016,153.062002,-27.588524
2016,153.014734,-27.521744
2016,153.185277,-27.45334
2016,153.062344,-27.581572
2016,153.08957,-27.554389
2016,153.098477,-27.60829
2016,153.062736,-27.579263
2016,153.1600253,-27.43679942
2016,153.0429103,-27.63812573
2016,152.9484535,-27.53629074
2016,153.043289,-27.557605
2016,153.190968,-27.473737
2016,153.051215,-27.611034
2016,153.061112,-27.587198
2016,153.081002,-27.599473
2016,153.079845,-27.53883
2016,152.949227,-27.597408
2016,152.957957,-27.625218
2016,153.055153,-27.57443
2016,153.020711,-27.477476
2016,153.180544,-27.368985
2016,153.0219274,-27.51241673
2016,152.955292,-27.609735
2016,153.183001,-27.516785
2016,153.171502,-27.558954
2016,153.049573,-27.564772
2016,153.147959,-27.461325
2016,152.981554,-27.640093
2016,153.079631,-27.550234
2016,153.098404,-27.512209
2016,153.040264,-27.51160378
2016,153.005924,-27.588705
2016,153.113764,-27.45144
2016,153.067922,-27.650801
2016,153.050693,-27.558757
2016,153.086138,-27.567576
2016,153.0850494,-27.5671301
2016,153.026398,-27.482998
2016,153.168018,-27.454628
2016,153.105337,-27.579111
2016,153.019645,-27.484042
2016,153.016214,-27.487051
2016,153.157342,-27.44739
2016,152.941937,-27.546225
2016,153.099758,-27.504896
2016,153.1146227,-27.45140528
2016,153.0412209,-27.47969964
2016,153.119125,-27.474523
2016,152.916843,-27.55562
2016,152.9813021,-27.5725111
2016,153.027176,-27.588404
2016,153.072621,-27.514357
2016,153.025952,-27.530988
2016,153.035083,-27.569942
2016,152.998426,-27.56004
2016,153.040838,-27.64954
2016,152.931724,-27.561945
2016,153.01899,-27.490714
2016,153.033265,-27.49156
2016,153.156222,-27.453003
2016,153.095353,-27.625055
2016,153.077133,-27.597708
2016,153.064911,-27.589983
2016,153.079435,-27.61372
2016,152.922525,-27.569346
2016,153.027842,-27.59758
2016,153.064152,-27.571807
2016,153.057959,-27.599347
2016,152.979431,-27.56633
2016,153.035657,-27.476423
2016,153.046611,-27.501905
2016,153.07075,-27.529925
2016,152.9712162,-27.62148582
2016,152.9993,-27.559936
2016,153.117594,-27.544106
2016,153.0797493,-27.61408039
2016,153.0449662,-27.63788075
2016,152.980478,-27.568926
2016,152.9409692,-27.54775816
2016,153.039334,-27.502885
2016,153.074824,-27.562705
2016,153.13109,-27.475269
2016,153.05889,-27.61162
2016,153.028311,-27.513502
2016,153.1326541,-27.47586859
2016,153.029662,-27.658997
2016,153.036158,-27.596008
2016,153.0994656,-27.50561644
2016,153.065889,-27.477843
2016,152.980608,-27.566222
2016,153.063695,-27.573314
2016,153.047468,-27.580602
2016,153.028152,-27.561547
2016,153.087802,-27.554186
2016,153.0379618,-27.49612628
2016,153.012372,-27.557355
2016,153.058925,-27.537553
2016,153.0857419,-27.47027161
2016,153.070915,-27.465084
2016,152.976008,-27.520337
2016,152.979784,-27.566068
2016,153.063565,-27.57377
2016,153.0195764,-27.48579445
2016,153.068206,-27.53152
2016,153.077755,-27.536273
2016,153.066642,-27.558158
2016,153.019611,-27.491149
2016,153.174963,-27.45680773
2016,153.0623942,-27.61143714
2016,153.0205614,-27.58310036
2016,153.078805,-27.518952
2016,153.053886,-27.519992
2016,153.027025,-27.531316
2016,153.039025,-27.54585
2016,153.040841,-27.491945
2016,153.020862,-27.657586
2016,152.933076,-27.5290782
2016,153.099629,-27.54465
2016,153.063866,-27.484152
2016,153.066088,-27.561365
2016,153.173022,-27.467656
2016,152.934471,-27.552983
2016,153.179813,-27.486436
2016,152.959221,-27.599188
2016,152.97254,-27.602059
2016,153.003829,-27.478195
2016,153.032874,-27.484097
2016,153.032874,-27.484097
2016,152.970982,-27.627229
2016,153.176919,-27.447112
2016,153.185652,-27.518927
2016,153.0573164,-27.58587746
2016,153.082982,-27.600164
2016,153.0661431,-27.52338893
2016,153.090177,-27.571143
2016,153.042721,-27.603415
2016,153.048112,-27.505551
2016,153.063912,-27.517678
2016,152.9595017,-27.59194982
2016,153.044629,-27.533447
2016,153.10724,-27.457012
2016,153.098604,-27.583553
2016,153.012055,-27.480976
2016,153.060891,-27.587802
2016,153.0985188,-27.51169392
2016,153.059991,-27.495731
2016,153.023064,-27.480901
2016,153.1255006,-27.50292415
2016,153.046419,-27.630165
2016,153.075898,-27.49997
2016,153.105395,-27.541506
2016,152.987232,-27.596559
2016,153.1093081,-27.45979491
2016,153.026005,-27.496371
2016,153.027842,-27.496137
2016,153.044045,-27.479304
2016,153.035845,-27.482847
2016,153.156503,-27.451706
2016,153.04146,-27.647776
2016,152.940088,-27.55983
2016,153.070625,-27.5285574
2016,153.1172725,-27.54381237
2016,153.032847,-27.482422
2016,153.125951,-27.489592
2016,152.988686,-27.626003
2016,153.016825,-27.557891
2016,153.06363,-27.571979
2016,153.134668,-27.48231
2016,153.171607,-27.446067
2016,153.166767,-27.454963
2016,153.107109,-27.455354
2016,153.165333,-27.476256
2016,153.162008,-27.460807
2016,152.923671,-27.607405
2016,153.0976776,-27.60033044
2016,153.09014,-27.571032
2016,153.167052,-27.475158
2016,152.9423207,-27.54727021
2016,152.9461531,-27.5791761
2016,153.1276953,-27.49288202
2016,153.140377,-27.475873
2016,153.017498,-27.558087
2016,153.0354732,-27.51955244
2016,153.05755,-27.495511
2016,152.985918,-27.598504
2016,153.039013,-27.504852
2016,153.039686,-27.542628
2016,153.063102,-27.577445
2016,153.105216,-27.584456
2016,152.974004,-27.578222
2016,153.0170968,-27.55803611
2016,153.062163,-27.512834
2016,152.963195,-27.5980147
2016,153.01494,-27.534688
2016,153.091494,-27.548369
2016,152.946617,-27.551663
2016,152.980231,-27.566506
2016,153.071869,-27.529232
2016,152.946563,-27.597708
2016,153.180864,-27.486604
2016,152.959434,-27.570923
2016,152.917014,-27.548975
2016,153.106292,-27.577651
2016,152.9823735,-27.57627793
2016,152.958877,-27.569372
2016,153.090222,-27.503778
2016,153.047882,-27.516537
2016,153.02361,-27.5656
2016,153.01108,-27.543177
2016,153.0914083,-27.54892005
2016,153.108187,-27.567786
2016,153.039698,-27.487634
2016,152.935142,-27.581533
2016,153.016805,-27.557991
2016,153.060123,-27.518171
2016,153.095693,-27.52663
2016,153.0429373,-27.47925673
2016,153.030598,-27.485737
2016,153.031502,-27.486037
2016,153.185358,-27.454255
2016,153.100637,-27.499348
2016,153.011611,-27.541427
2016,153.058283,-27.459876
2016,153.057291,-27.473317
2016,153.1035981,-27.58187455
2016,152.980485,-27.511828
2016,153.117853,-27.544871
2016,153.165369,-27.405108
2016,152.994331,-27.653069
2016,153.034902,-27.617722
2016,153.063672,-27.597588
2016,153.082594,-27.59974
2016,153.065611,-27.519542
2016,153.0790216,-27.53955508
2016,152.959829,-27.627606
2016,153.042559,-27.5296567
2016,153.0289392,-27.4873646
2016,153.115728,-27.473459
2016,153.116214,-27.502381
2016,152.959463,-27.591924
2016,153.076935,-27.467109
2016,153.123956,-27.527203
2016,153.029395,-27.518288
2016,153.062931,-27.520434
2016,153.090335,-27.554545
2016,153.052725,-27.580534
2016,153.128103,-27.49281
2016,153.048432,-27.623682
2016,153.061373,-27.519254
2016,153.055818,-27.525491
2016,153.021796,-27.560704
2016,153.112262,-27.463147
2016,153.033821,-27.500769
2016,153.049569,-27.647724
2016,152.927685,-27.589263
2016,153.025487,-27.576736
2016,153.004137,-27.654686
2016,153.04089,-27.555909
2016,153.146985,-27.5555555
2016,153.0941766,-27.57226567
2016,153.037646,-27.497275
2016,153.030404,-27.482319
2016,153.096604,-27.469447
2016,152.9965151,-27.52457442
2016,153.04153,-27.483172
2016,153.124392,-27.506107
2016,152.968331,-27.599728
2016,152.958579,-27.58659
2016,152.979154,-27.59792
2016,152.972901,-27.605175
2016,153.063888,-27.484105
2016,153.101944,-27.4471436
2016,153.150178,-27.449684
2016,153.01384,-27.478837
2016,153.039874,-27.599081
2016,152.966542,-27.573838
2016,152.957582,-27.56385079
2016,153.0415093,-27.49974687
2016,153.052833,-27.509608
2016,153.05662,-27.525983
2016,153.038231,-27.559319
2016,153.074548,-27.561967
2016,152.948491,-27.555619
2016,153.101708,-27.493571
2016,153.070096,-27.469578
2016,152.9810225,-27.5249538
2016,153.0801388,-27.55752748
2016,153.045476,-27.571477
2016,153.103439,-27.57734
2016,153.129247,-27.475797
2016,153.046312,-27.501194
2016,153.012303,-27.479673
2016,153.043215,-27.48343
2016,152.93484,-27.559232
2016,153.062002,-27.588524
2016,153.052861,-27.58045
2016,153.042262,-27.497945
2016,153.16417,-27.451152
2016,153.095868,-27.626127
2016,153.053858,-27.487502
2016,153.012822,-27.641086
2016,153.090868,-27.573013
2016,153.0859914,-27.5674638
2016,153.125391,-27.503008
2016,153.125391,-27.503008
2016,153.014632,-27.522243
2016,153.124011,-27.503881
2016,153.107347,-27.456288
2016,153.08463,-27.59184
2016,153.096882,-27.581824
2016,153.021798,-27.478072
2016,153.094891,-27.624067
2016,153.031277,-27.513072
2016,153.1023054,-27.50100448
2016,153.087723,-27.500986
2016,153.039017,-27.509092
2016,153.052623,-27.475471
2016,153.082169,-27.554182
2016,153.165018,-27.430649
2016,153.11764,-27.474191
2016,153.179472,-27.513626
2016,152.932164,-27.611168
2016,153.087968,-27.591285
2016,153.027203,-27.658611
2016,153.125136,-27.50409
2016,153.062039,-27.571649
2016,153.030855,-27.513882
2016,153.056572,-27.528803
2016,152.947004,-27.597604
2016,153.035824,-27.482157
2016,153.054008,-27.52016
2016,153.056902,-27.528933
2016,152.976502,-27.592206
2016,153.1027806,-27.58185371
2016,153.065956,-27.561044
2016,153.148614,-27.471215
2016,153.176547,-27.503961
2016,153.077193,-27.597399
2016,153.0544881,-27.61101963
2016,152.966303,-27.597037
2016,153.0522947,-27.44732476
2016,153.06369,-27.451993
2016,152.979651,-27.540483
2016,153.114113,-27.578979
2016,153.022937,-27.483526
2016,153.093449,-27.621231
2016,153.117244,-27.543008
2016,152.983458,-27.629758
2016,153.0216577,-27.56036338
2016,153.0232443,-27.56467331
2016,153.0909579,-27.46879745
2016,153.063508,-27.574814
2016,153.078182,-27.613113
2016,152.968392,-27.588023
2016,153.0663682,-27.47672468
2016,152.962985,-27.605495
2016,153.093011,-27.591378
2016,153.01673,-27.558534
2016,153.064911,-27.589983
2016,152.979476,-27.612025
2016,152.953475,-27.633815
2016,153.034572,-27.569798
2016,152.983243,-27.531007
2016,153.066818,-27.560989
2016,152.980988,-27.57124
2016,152.940407,-27.557478
2016,152.9484424,-27.594473
2016,153.0446867,-27.63922922
2016,153.101106,-27.489989
2016,153.054008,-27.52016
2016,153.056449,-27.525283
2016,153.0588375,-27.53800439
2016,153.071263,-27.463077
2016,153.0659584,-27.56033192
2016,152.959463,-27.591924
2016,153.02305,-27.52475
2016,153.090837,-27.571218
2016,153.032917,-27.489412
2016,153.125853,-27.503165
2016,153.0405901,-27.64705846
2016,153.0157357,-27.56386851
2016,153.093192,-27.495513
2016,153.002576,-27.52709
2016,153.180557,-27.449539
2016,153.063607,-27.494239
2016,153.072728,-27.465332
2016,153.059212,-27.472545
2016,153.088688,-27.563379
2016,153.09709,-27.588478
2016,153.033434,-27.480638
2016,153.175597,-27.44573
2016,153.181705,-27.45013
2016,153.0560018,-27.49634074
2016,153.012783,-27.541493
2016,153.04064,-27.557257
2016,153.070515,-27.469138
2016,153.038229,-27.570392
2016,153.12395,-27.546608
2016,153.048138,-27.608701
2016,153.046693,-27.502852
2016,153.024768,-27.532875
2016,153.1007185,-27.44505138
2016,153.018318,-27.474019
2016,153.0249561,-27.57971125
2016,153.0561214,-27.525484
2016,153.052469,-27.520999
2016,153.071993,-27.470576
2016,153.1107093,-27.46165515
2016,153.15965,-27.475031
2016,153.1553568,-27.45389598
2016,153.100882,-27.49898
2016,153.054757,-27.47478
2016,152.980604,-27.566239
2016,153.043219,-27.49828
2016,153.1090338,-27.5608602
2016,153.1797871,-27.51406098
2016,152.930719,-27.611974
2016,152.941009,-27.547842
2016,152.9556956,-27.54140296
2016,153.035632,-27.598298
2016,153.0549113,-27.60783828
2016,153.050895,-27.476146
2016,153.079767,-27.45626
2016,153.000414,-27.553489
2016,153.048675,-27.577269
2016,153.121924,-27.54024
2016,153.083772,-27.596472
2016,153.113583,-27.472857
2016,152.96133,-27.575994
2016,152.940995,-27.547824
2016,153.060834,-27.588088
2016,153.040796,-27.504027
2016,153.000256,-27.593753
2016,153.092352,-27.543608
2016,153.039698,-27.626921
2016,153.151887,-27.498314
2016,153.058713,-27.59793
2016,153.127474,-27.568518
2016,153.184358,-27.472092
2016,153.04704,-27.502903
2016,152.978984,-27.598097
2016,153.077273,-27.552563
2016,153.019649,-27.480384
2016,153.039321,-27.497554
2016,153.098176,-27.512453
2016,153.050681,-27.497338
2016,152.969721,-27.63666
2016,153.095432,-27.4741791
2016,153.079117,-27.587385
2016,153.009419,-27.475695
2016,153.062118,-27.58845099
2016,152.973901,-27.553239
2016,152.987627,-27.53311
2016,152.982107,-27.536919
2016,153.026662,-27.631274
2016,153.051696,-27.612535
2016,153.031574,-27.554818
2016,153.054757,-27.47478
2016,153.000476,-27.559609
2016,153.066209,-27.561181
2016,153.009314,-27.486966
2016,153.032939,-27.488761
2016,153.0580756,-27.53339435
2016,153.1409603,-27.54494842
2016,153.064455,-27.466089
2016,153.088059,-27.572745
2016,153.176077,-27.442286
2016,153.054378,-27.611371
2016,153.0477936,-27.60834497
2016,153.015966,-27.518771
2016,153.011822,-27.540314
2016,153.0879586,-27.56847736
2016,153.039982,-27.638831
2016,153.061719,-27.612935
2016,153.0732775,-27.53131563
2016,152.9919,-27.630995
2016,153.066084,-27.572256
2016,153.035657,-27.476423
2016,153.156978,-27.440295
2016,153.053349,-27.619134
2016,153.021624,-27.512496
2016,153.074823,-27.492634
2016,152.983458,-27.629758
2016,153.009942,-27.5475512
2016,153.1017153,-27.44592426
2016,152.9536101,-27.57424066
2016,152.976495,-27.591835
2016,153.022955,-27.563636
2016,153.1046195,-27.58301422
2016,153.041986,-27.487466
2016,153.070906,-27.6118
2016,153.048144,-27.647541
2016,153.01092,-27.603956
2016,153.085281,-27.588276
2016,153.108491,-27.57815
2016,153.151392,-27.4906
2016,153.162858,-27.475355
2016,152.96204,-27.555289
2016,153.039965,-27.599032
2016,153.0549456,-27.52597519
2016,153.062158,-27.4669132
2016,153.058996,-27.538761
2016,153.09411,-27.495636
2016,153.0631775,-27.47199884
2016,153.134347,-27.547293
2016,152.981339,-27.566098
2016,153.108424,-27.519067
2016,153.021271,-27.558442
2016,152.9812786,-27.56596567
2016,153.030994,-27.48299847
2016,153.1174034,-27.47347129
2016,153.051297,-27.611188
2016,152.948747,-27.572811
2016,153.033785,-27.508074
2016,153.064497,-27.533877
2016,152.970299,-27.601368
2016,153.016321,-27.557835
2016,152.930655,-27.611647
2016,153.056441,-27.611639
2016,153.03468,-27.618512
2016,152.957587,-27.582259
2016,152.976079,-27.629203
2016,153.0493315,-27.64769075
2016,153.02978,-27.518344
2016,153.025646,-27.504202
2016,153.089693,-27.495463
2016,152.9787939,-27.56234743
2016,153.078838,-27.560572
2016,153.079311,-27.613875
2016,153.0514407,-27.61163344
2016,153.051777,-27.507752
2016,153.103439,-27.57734
2016,152.993608,-27.592967
2016,152.944993,-27.62322
2016,153.045476,-27.571477
2016,152.9276713,-27.58705123
2016,153.03619,-27.595851
2016,153.056141,-27.526876
2016,152.948985,-27.623852
2016,153.042669,-27.528601
2016,153.090757,-27.58965
2016,153.0664199,-27.55894232
2016,153.1727934,-27.45540607
2016,153.045599,-27.635787
2016,153.083383,-27.565932
2016,153.106147,-27.586083
2016,153.078698,-27.493014
2016,153.098373,-27.485252
2016,153.051108,-27.499
2016,153.0652478,-27.52239148
2016,153.063385,-27.461165
2016,153.095992,-27.469592
2016,153.096411,-27.469602
2016,153.079292,-27.560898
2016,153.100875,-27.584852
2016,153.110743,-27.557766
2016,152.999938,-27.489606
2016,153.140308,-27.478435
2016,152.958319,-27.57234368
2016,153.108966,-27.501415
2016,153.040172,-27.560111
2016,153.100766,-27.584831
2016,153.172976,-27.467737
2016,153.1812275,-27.51526718
2016,153.131479,-27.504899
2016,153.125399,-27.508599
2016,153.0203431,-27.5586228
2016,153.023729,-27.482691
2016,153.0434247,-27.60468027
2016,153.098089,-27.544432
2016,153.106722,-27.534438
2016,153.061941,-27.582732
2016,152.97571,-27.597609
2016,153.078942,-27.466266
2016,152.948147,-27.558127
2016,152.949134,-27.575419
2016,153.055045,-27.488184
2016,153.076501,-27.467035
2016,153.0617481,-27.54424766
2016,153.11664,-27.468509
2016,153.0309099,-27.62232336
2016,153.054378,-27.6109707
2016,153.028069,-27.55038
2016,153.064925,-27.48139
2016,153.106292,-27.577651
2016,153.016247,-27.472763
2016,153.013045,-27.577916
2016,153.014349,-27.535961
2016,153.054537,-27.578134
2016,153.088016,-27.590631
2016,153.050126,-27.487111
2016,153.0288913,-27.48743188
2016,153.033473,-27.492024
2016,153.048702,-27.623294
2016,153.081577,-27.538589
2016,153.045827,-27.531977
2016,153.047003,-27.516517
2016,153.06351,-27.5461
2016,153.047819,-27.647488
2016,153.0488059,-27.62330333
2016,152.975124,-27.628841
2016,153.073329,-27.454861
2016,153.090183,-27.571131
2016,153.151935,-27.475908
2016,152.9550338,-27.624834
2016,153.1654029,-27.48221727
2016,153.0621363,-27.58177114
2016,153.0365,-27.596172
2016,152.945164,-27.628101
2016,153.109255,-27.546096
2016,153.0987076,-27.58635044
2016,153.013527,-27.476622
2016,153.044034,-27.479361
2016,152.96133,-27.575994
2016,152.960046,-27.572104
2016,153.057264,-27.585963
2016,153.062002,-27.582333
2016,153.033513,-27.514269
2016,152.972592,-27.553379
2016,153.081624,-27.564631
2016,153.114705,-27.551241
2016,153.03693,-27.497821
2016,153.029278,-27.483532
2016,153.138338,-27.573937
2016,153.059961,-27.464368
2016,153.060966,-27.472656
2016,153.0875953,-27.57572324
2016,153.055092,-27.574512
2016,153.092128,-27.575913
2016,153.028035,-27.488848
2016,153.165355,-27.481888
2016,153.178949,-27.513373
2016,153.0686,-27.59879
2016,153.09281,-27.504175
2016,153.061142,-27.497554
2016,152.956089,-27.619695
2016,153.080952,-27.560094
2016,153.1102405,-27.55869126
2016,153.0392919,-27.50429955
2016,153.002657,-27.558839
2016,153.10004,-27.57582
2016,153.034638,-27.494586
2016,153.147324,-27.45485
2016,152.9408871,-27.54753341
2016,153.097887,-27.484192
2016,153.078557,-27.486872
2016,153.02277,-27.484426
2016,153.0797009,-27.5214715
2016,153.013786,-27.537885
2016,153.1293253,-27.47514822
2016,153.068153,-27.570816
2016,153.0434179,-27.48568829
2016,153.029395,-27.518288
2016,152.995709,-27.593051
2016,152.996598,-27.593203
2016,153.055324,-27.474436
2016,153.0627931,-27.5789925
2016,153.106681,-27.574583
2016,153.035745,-27.479267
2016,153.095956,-27.482197
2016,153.179822,-27.514084
2016,152.946453,-27.5327923
2016,153.026398,-27.521261
2016,153.029491,-27.518148
2016,153.039081,-27.505562
2016,153.060605,-27.482188
2016,153.061548,-27.480834
2016,153.0719498,-27.55606393
2016,153.041866,-27.479008
2016,153.110037,-27.472013
2016,153.171152,-27.450302
2016,153.0757365,-27.54458424
2016,153.015555,-27.481487
2016,153.035101,-27.48061305
2016,153.01906,-27.487669
2016,153.116101,-27.473562
2016,153.185345,-27.519113
2016,153.03652,-27.660051
2016,153.047966,-27.573498
2016,153.035968,-27.486534
2016,153.09128,-27.48861
2016,153.056275,-27.515263
2016,153.1109,-27.452191
2016,153.089109,-27.60374
2016,153.049032,-27.558535
2016,152.959706,-27.57223
2016,152.959706,-27.57223
2016,153.024818,-27.572937
2016,152.959718,-27.599147
2016,152.9946016,-27.62182456
2016,152.979758,-27.549956
2016,152.979784,-27.566068
2016,153.050088,-27.56203
2016,153.087607,-27.57521
2016,153.103077,-27.504286
2016,153.054457,-27.487269
2016,153.097126,-27.518348
2016,153.0643839,-27.46591394
2016,153.104404,-27.583181
2016,153.126453,-27.497573
2016,153.079311,-27.613875
2016,152.945866,-27.534105
2016,153.067007,-27.597582
2016,153.025714,-27.579826
2016,153.049903,-27.495644
2016,153.040156,-27.501828
2016,153.011353,-27.642933
2016,153.040348,-27.558825
2016,153.098582,-27.457256
2016,153.109707,-27.457452
2016,153.069956,-27.572712
2016,153.0274074,-27.49237301
2016,153.043631,-27.64189045
2016,152.959081,-27.570001
2016,153.113872,-27.493145
2016,153.065918,-27.55027
2016,153.0480592,-27.47807793
2016,153.040889,-27.650358
2016,153.100242,-27.538751
2016,153.056079,-27.525689
2016,153.023139,-27.563995
2016,152.980114,-27.522667
2016,153.1094813,-27.5013895
2016,153.07075,-27.529925
2016,153.097298,-27.570767
2016,153.035536,-27.484458
2016,153.154052,-27.455732
2016,153.117311,-27.444075
2016,153.16096,-27.475132
2016,153.1159038,-27.50211068
2016,153.110621,-27.461596
2016,153.080234,-27.553034
2016,153.031098,-27.485217
2016,153.039782,-27.612815
2016,153.040641,-27.504737
2016,153.049616,-27.521532
2016,153.072933,-27.530882
2016,153.046529,-27.518225
2016,153.094344,-27.59156
2016,153.027407,-27.484271
2016,153.185105,-27.51909
2016,153.04175,-27.646963
2016,153.07075,-27.529925
2016,153.029953,-27.5583
2016,153.059162,-27.482827
2016,153.104584,-27.451775
2016,153.111423,-27.546573
2016,153.060137,-27.590876
2016,153.065967,-27.523094
2016,153.055758,-27.5256207
2016,152.979771,-27.530856
2016,152.979082,-27.553529
2016,153.0112134,-27.53682019
2016,153.048138,-27.608701
2016,153.0539352,-27.61133245
2016,153.0465685,-27.48037367
2016,152.928965,-27.611389
2016,153.078182,-27.613113
2016,153.039711,-27.504215
2016,152.983126,-27.567967
2016,153.06354,-27.587741
2016,153.035915,-27.507536
2016,152.971901,-27.591415
2016,152.968916,-27.596544
2016,153.0209323,-27.55812445
2016,153.099699,-27.469955
2016,152.940912,-27.542418
2016,153.035748,-27.481068
2016,152.925141,-27.588615
2016,153.053941,-27.519904
2016,153.1808522,-27.52466765
2016,153.036167,-27.622629
2016,152.954737,-27.5658
2016,153.064597,-27.572087
2016,153.066724,-27.572229
2016,153.060678,-27.56012
2016,153.163937,-27.5088395
2016,153.0618225,-27.58421983
2016,153.020181,-27.506643
2016,153.029395,-27.518288
2016,153.021624,-27.512496
2016,153.114229,-27.552174
2016,153.051215,-27.611034
2016,153.049892,-27.620465
2016,153.144508,-27.44097233
2016,153.098343,-27.489585
2016,153.058813,-27.648972
2016,153.0118949,-27.56146304
2016,153.07515,-27.518076
2016,153.056996,-27.529437
2016,153.024231,-27.523647
2016,153.0656216,-27.54977887
2016,153.041305,-27.479475
2016,153.178852,-27.510889
2016,153.060935,-27.617366
2016,152.9440081,-27.56963688
2016,153.033865,-27.512846
2016,153.094991,-27.552855
2016,153.047966,-27.573498
2016,153.051215,-27.611034
2016,153.014734,-27.521744
2016,153.056768,-27.496033
2016,153.050001,-27.536313
2016,153.059353,-27.472566
2016,153.060346,-27.46236
2016,153.058929,-27.47282643
2016,153.068698,-27.472976
2016,153.063474,-27.603497
2016,152.98218,-27.527731
2016,153.028598,-27.499936
2016,153.035657,-27.476423
2016,153.1564081,-27.46214929
2016,153.140512,-27.477324
2016,153.028325,-27.488407
2016,153.173212,-27.475798
2016,153.044911,-27.59315
2016,153.095919,-27.469527
2016,153.151887,-27.498314
2016,152.928802,-27.59655
2016,153.078827,-27.610888
2016,153.035405,-27.49949
2016,153.058713,-27.59793
2016,153.04308,-27.498165
2016,153.09449,-27.531656
2016,153.018312,-27.58463
2016,153.039526,-27.563231
2016,153.070043,-27.4749
2016,153.064837,-27.454478
2016,152.980114,-27.522667
2016,153.035824,-27.482157
2016,153.145704,-27.508829
2016,153.0858713,-27.45722787
2016,153.035299,-27.498276
2016,153.165355,-27.481888
2016,153.058101,-27.632569
2016,153.041936,-27.629731
2016,153.054558,-27.609528
2016,153.024939,-27.572946
2016,153.013489,-27.539334
2016,152.979886,-27.549203
2016,153.141072,-27.475794
2016,152.901905,-27.562395
2016,152.985736,-27.639921
2016,153.0736809,-27.4668529
2016,153.028458,-27.499765
2016,153.03619,-27.595851
2016,153.041134,-27.554385
2016,153.068243,-27.553895
2016,153.015555,-27.481487
2016,153.044947,-27.479473
2016,153.1278111,-27.4913681
2016,153.074877,-27.651438
2016,153.06324,-27.604788
2016,153.024939,-27.572946
2016,153.074819,-27.533359
2016,153.094399,-27.532618
2016,153.088709,-27.468437
2016,153.007231,-27.557276
2016,153.0026268,-27.5590612
2016,152.9581021,-27.56193759
2016,153.030091,-27.544764
2016,153.095984,-27.471173
2016,153.063107,-27.576239
2016,153.0480519,-27.57348591
2016,153.025985,-27.482905
2016,153.165355,-27.481888
2016,153.060184,-27.590835
2016,153.093782,-27.488961
2016,152.984257,-27.570741
2016,153.02253,-27.536493
2016,153.078652,-27.562888
2016,153.016247,-27.472763
2016,153.051434,-27.611291
2016,153.046789,-27.594147
2016,153.024169,-27.568304
2016,153.057264,-27.585963
2016,153.043992,-27.520614
2016,153.101129,-27.490049
2016,153.055294,-27.525777
2016,153.046482,-27.51621
2016,153.012438,-27.481038
2016,153.049836,-27.60127
2016,153.057628,-27.47317
2016,153.0436399,-27.53633876
2016,153.0353425,-27.49060815
2016,153.01673,-27.558534
2016,153.058994,-27.523679
2016,153.065503,-27.568899
2016,153.035989,-27.470843
2016,153.039978,-27.490669
2016,152.98715,-27.596444
2016,153.013635,-27.539245
2016,153.0905834,-27.60057116
2016,153.035883,-27.482826
2016,152.926117,-27.589352
2016,153.119752,-27.49403
2016,153.077625,-27.491666
2016,153.061397,-27.505386
2016,153.098482,-27.470001
2016,153.1591473,-27.47519869
2016,153.178807,-27.444003
2016,153.096272,-27.469435
2016,153.111246,-27.462337
2016,152.981016,-27.524928
2016,153.034818,-27.488427
2016,153.076919,-27.560042
2016,153.048867,-27.477172
2016,153.034542,-27.478412
2016,153.149991,-27.487348
2016,152.964977,-27.614673
2016,153.029767,-27.59183528
2016,152.959747,-27.633192
2016,152.960464,-27.59416
2016,153.03891,-27.51413
2016,153.056554,-27.49350281
2016,153.03077,-27.558455
2016,153.073702,-27.466791
2016,153.008018,-27.555809
2016,153.077658,-27.561061
2016,153.092055,-27.575544
2016,153.034556,-27.618484
2016,153.041102,-27.646475
2016,152.935339,-27.551587
2016,153.101106,-27.489989
2016,153.099686,-27.505196
2016,152.950845,-27.593652
2016,153.063565,-27.57377
2016,153.1058681,-27.58539855
2016,153.040625,-27.491628
2016,153.041803,-27.646793
2016,152.952143,-27.574724
2016,152.942883,-27.566759
2016,153.016805,-27.557991
2016,153.126989,-27.448549
2016,153.1170834,-27.50233251
2016,153.015879,-27.476036
2016,153.14067,-27.475798
2016,153.072761,-27.515036
2016,153.011669,-27.534461
2016,153.052311,-27.475635
2016,153.064536,-27.571903
2016,153.019979,-27.491531
2016,153.035214,-27.616729
2016,153.058391,-27.631021
2016,153.04473,-27.638464
2016,153.042586,-27.643635
2016,152.958277,-27.572535
2016,153.060699,-27.587857
2016,153.044597,-27.595069
2016,153.0626233,-27.53486354
2016,152.981439,-27.540718
2016,153.035192,-27.500941
2016,153.026404,-27.483024
2016,152.922706,-27.556553
2016,153.090272,-27.527201
2016,152.966045,-27.633024
2016,153.00439,-27.594366
2016,153.0089768,-27.59643758
2016,153.0114818,-27.54368491
2016,153.0638834,-27.57252973
2016,153.067192,-27.650498
2016,153.081891,-27.558027
2016,153.0199885,-27.49152469
2016,153.182059,-27.459095
2016,153.081528,-27.541953
2016,152.9836327,-27.53254202
2016,153.120661,-27.535912
2016,153.0374967,-27.49719833
2016,153.117676,-27.4443974
2016,152.9494195,-27.57534233
2016,153.0215876,-27.5124949
2016,152.9344605,-27.60443219
2016,153.0462717,-27.58609744
2016,153.049166,-27.558416
2016,153.035429,-27.499985
2016,153.124789,-27.525224
2016,152.982699,-27.62967
2016,153.064044,-27.60029
2016,153.019608,-27.558428
2016,153.0313595,-27.5139646
2016,153.0278665,-27.54453836
2016,153.02097,-27.558464
2016,153.037021,-27.497288
2016,153.051297,-27.611188
2016,153.05001,-27.62401
2016,153.014744,-27.5220132
2016,153.063627,-27.46997
2016,153.1280852,-27.47462502
2016,153.056794,-27.640152
2016,153.0510935,-27.51932287
2016,152.961328,-27.594119
2016,153.019091,-27.480745
2016,153.036159,-27.494086
2016,153.0653527,-27.51131117
2016,153.0548574,-27.52532842
2016,152.95397,-27.633968
2016,152.979158,-27.56629
2016,153.013603,-27.47658
2016,153.116439,-27.473709
2016,153.0599674,-27.59300524
2016,153.113432,-27.501959
2016,153.040705,-27.504346
2016,153.101126,-27.445778
2016,153.0031984,-27.4833391
2016,153.166443,-27.434965
2016,152.939794,-27.546895
2016,153.063494,-27.470583
2016,153.07044,-27.572805
2016,153.075714,-27.561511
2016,153.041157,-27.4800608
2016,153.0005022,-27.65516098
2016,153.077745,-27.500536
2016,153.040042,-27.558853
2016,152.924586,-27.588351
2016,152.940862,-27.547165
2016,152.959871,-27.571741
2016,152.979299,-27.629288
2016,152.959463,-27.591924
2016,152.977912,-27.524467
2016,153.007028,-27.656349
2016,153.140905,-27.488965
2016,152.941005,-27.547787
2016,153.008023,-27.581107
2016,153.107511,-27.545847
2016,153.055102,-27.476886
2016,153.091596,-27.574723
2016,153.035867,-27.468773
2016,153.151357,-27.55641
2016,152.946797,-27.531376
2016,153.037197,-27.475495
2016,153.022851,-27.563657
2016,153.0386307,-27.50893016
2016,153.048313,-27.571592
2016,153.035968,-27.486534
2016,153.115019,-27.473259
2016,153.149538,-27.475558
2016,153.158831,-27.526292
2016,153.143063,-27.44799
2016,153.021624,-27.512496
2016,153.002862,-27.640566
2016,153.011889,-27.5442006
2016,153.165355,-27.481888
2016,152.940178,-27.558292
2016,153.033513,-27.514269
2016,153.053952,-27.497398
2016,153.118363,-27.54506164
2016,153.0181949,-27.59544568
2016,153.0179034,-27.53072891
2016,153.0198225,-27.48462787
2016,153.024604,-27.482609
2016,153.033699,-27.488263
2016,153.0640637,-27.61130073
2016,153.020481,-27.642989
2016,153.055241,-27.525961
2016,153.110262,-27.592338
2016,153.020649,-27.477382
2016,153.173401,-27.465096
2016,153.1257256,-27.51351462
2016,153.0569445,-27.63952169
2016,153.017791,-27.515936
2016,152.950601,-27.612642
2016,153.045812,-27.479557
2016,153.145917,-27.544152
2016,153.051458,-27.611272
2016,152.93537,-27.559898
2016,152.943449,-27.54866
2016,153.116334,-27.545244
2016,153.04017,-27.485183
2016,153.129441,-27.47496
2016,153.053369,-27.59165
2016,153.104891,-27.511583
2016,153.090019,-27.486806
2016,153.04662,-27.505341
2016,153.090814,-27.457976
2016,153.063538,-27.462118
2016,153.09187,-27.599796
2016,153.122077,-27.4746943
2016,153.1576963,-27.44283311
2016,153.124246,-27.502704
2016,153.039895,-27.501792
2016,152.971719,-27.606772
2016,153.11767,-27.544964
2016,153.03323,-27.4810554
2016,152.936574,-27.530032
2016,153.041125,-27.501964
2016,152.996737,-27.59322
2016,153.061134,-27.45646
2016,153.104667,-27.465281
2016,153.001839,-27.537226
2016,152.997271,-27.535488
2016,153.065956,-27.561044
2016,153.000598,-27.487535
2016,153.140682,-27.466501
2016,153.141652,-27.475663
2016,153.1551,-27.469202
2016,153.134376,-27.470413
2016,153.03468,-27.618512
2016,153.0203,-27.5586
2016,152.987874,-27.598919
2016,153.063577,-27.470407
2016,152.975817,-27.52175
2016,153.0917292,-27.57508913
2016,153.038387,-27.49699
2016,153.051387,-27.612515
2016,153.031414,-27.512444
2016,153.030855,-27.513882
2016,153.063553,-27.471715
2016,153.18247,-27.516206
2016,153.181322,-27.515321
2016,153.043975,-27.504891
2016,153.097186,-27.517896
2016,153.034426,-27.494778
2016,153.036055,-27.488156
2016,153.099016,-27.507837
2016,153.093945,-27.531787
2016,153.081544,-27.543355
2016,153.026076,-27.565922
2016,153.051088,-27.577606
2016,153.107153,-27.572176
2016,153.0185,-27.474333
2016,153.048887,-27.488133
2016,153.0294911,-27.48359807
2016,152.988152,-27.650807
2016,153.019166,-27.538792
2016,153.01033,-27.476552
2016,153.0400737,-27.47791848
2016,153.168751,-27.446131
2016,153.035703,-27.598419
2016,153.0247959,-27.51294887
2016,153.0713095,-27.52906185
2016,153.015283,-27.53441
2016,153.062195,-27.483091
2016,153.063508,-27.471872
2016,153.119305,-27.482195
2016,153.058141,-27.505453
2016,153.05794,-27.532758
2016,153.0115209,-27.54179934
2016,153.109064,-27.463732
2016,153.118807,-27.538324
2016,153.038251,-27.497364
2016,152.97925,-27.56655
2016,153.042757,-27.597981
2016,153.1028369,-27.49150103
2016,153.0200353,-27.52838781
2016,153.096293,-27.478085
2016,153.062578,-27.452185
2016,153.010875,-27.542711
2016,153.005711,-27.557659
2016,153.035659,-27.4755228
2016,152.9076404,-27.558658
2016,152.933185,-27.582708
2016,153.056275,-27.591413
2016,152.964922,-27.595716
2016,153.07037,-27.56860479
2016,153.1679,-27.4546
2016,153.0762486,-27.53947297
2016,153.097293,-27.46425
2016,153.0880893,-27.45758012
2016,152.987939,-27.533175
2016,153.1688152,-27.44288613
2016,153.034365,-27.57119
2016,153.1254536,-27.51372453
2016,153.106459,-27.506001
2016,152.975627,-27.597713
2016,153.050435,-27.559667
2016,153.03111,-27.485072
2016,152.948147,-27.558127
2016,153.0219,-27.561287
2016,153.061397,-27.505386
2016,153.059259,-27.536003
2016,153.087306,-27.537017
2016,153.075011,-27.5648
2016,153.095944,-27.584564
2016,153.101244,-27.5181652
2016,153.03969,-27.542439
2016,153.1865357,-27.45438889
2016,153.1656333,-27.47759886
2016,153.080082,-27.493019
2016,153.0965451,-27.48934552
2016,153.039711,-27.504215
2016,153.106045,-27.457778
2016,152.983292,-27.530465
2016,153.100726,-27.592444
2016,153.036635,-27.489382
2016,153.108442,-27.458139
2016,152.979978,-27.524761
2016,153.030742,-27.485791
2016,153.1421767,-27.5448091
2016,152.97571,-27.597609
2016,152.975124,-27.628841
2016,152.975522,-27.511284
2016,153.185097,-27.518526
2016,153.063369,-27.471901
2016,153.032823,-27.482235
2016,152.920287,-27.601217
2016,153.039711,-27.504215
2016,153.027861,-27.48906
2016,153.173693,-27.463775
2016,153.113583,-27.472857
2016,152.959821,-27.598325
2016,152.966655,-27.579808
2016,153.0205188,-27.54395847
2016,153.048476,-27.647594
2016,153.081037,-27.59908
2016,153.0486234,-27.60894227
2016,153.061977,-27.61146
2016,152.946812,-27.529105
2016,153.054741,-27.496859
2016,152.966136,-27.589284
2016,153.106562,-27.589282
2016,153.10526,-27.579456
2016,153.105152,-27.578467
2016,153.044851,-27.639027
2016,152.922396,-27.587299
2016,153.019879,-27.517366
2016,153.065889,-27.477843
2016,153.060738,-27.46021
2016,153.065703,-27.549982
2016,153.084967,-27.562474
2016,152.9433732,-27.57820761
2016,153.094212,-27.469224
2016,153.040177,-27.49095035
2016,153.069627,-27.652755
2016,153.040759,-27.598719
2016,153.125354,-27.474527
2016,153.183289,-27.473475
2016,152.966203,-27.579842
2016,152.9823,-27.536039
2016,153.056681,-27.611651
2016,153.060994,-27.493471
2016,153.048003,-27.478128
2016,153.064428,-27.589673
2016,153.018719,-27.529734
2016,153.060644,-27.47746922
2016,153.110153,-27.461014
2016,153.081782,-27.487266
2016,152.958413,-27.625214
2016,152.964478,-27.627702
2016,152.975401,-27.584619
2016,153.051459,-27.475964
2016,153.12924,-27.482882
2016,153.0387406,-27.50928624
2016,153.112275,-27.546165
2016,153.02097,-27.558464
2016,153.03563,-27.464163
2016,153.024184,-27.568635
2016,153.086695,-27.487956
2016,152.93987,-27.621171
2016,153.081918,-27.487288
2016,153.072146,-27.529867
2016,153.081576,-27.543541
2016,153.064369,-27.483193
2016,153.186503,-27.453303
2016,153.184237,-27.472371
2016,153.060699,-27.587857
2016,152.999381,-27.554021
2016,153.0635234,-27.57481807
2016,152.980261,-27.567982
2016,153.029395,-27.518288
2016,153.0658853,-27.49198891
2016,153.057127,-27.473523
2016,153.062039,-27.571649
2016,153.0152486,-27.47568473
2016,153.03111,-27.485072
2016,153.1793999,-27.51272992
2016,153.032426,-27.510298
2016,153.055283,-27.518225
2016,152.980923,-27.566022
2016,153.027421,-27.497611
2016,153.145128,-27.425348
2016,153.180211,-27.514397
2016,153.05226,-27.611318
2016,153.061345,-27.493321
2016,152.97841,-27.598228
2016,153.021334,-27.526829
2016,152.981417,-27.525888
2016,153.046652,-27.479623
2016,153.156222,-27.453003
2016,153.043191,-27.604425
2016,153.060699,-27.587857
2016,153.078178,-27.613334
2016,153.106292,-27.577651
2016,153.180864,-27.486604
2016,153.048138,-27.608701
2016,153.063087,-27.500283
2016,153.0577439,-27.53481577
2016,153.032296,-27.48806
2016,153.144989,-27.439985
2016,153.007434,-27.656415
2016,152.926992,-27.562431
2016,153.073053,-27.59671
2016,153.09276,-27.530327
2016,152.9946619,-27.59297252
2016,153.040642,-27.6529014
2016,152.928802,-27.59655
2016,152.92393,-27.592466
2016,153.086253,-27.516274
2016,153.011353,-27.642933
2016,153.017161,-27.556048
2016,153.084146,-27.565299
2016,153.095032,-27.611741
2016,153.06446,-27.54657
2016,152.96133,-27.575994
2016,153.082024,-27.519484
2016,153.106415,-27.464956
2016,153.066128,-27.561076
2016,153.0225841,-27.4799846
2016,152.972751,-27.572626
2016,153.042655,-27.577904
2016,153.029067,-27.557896
2016,153.005687,-27.557795
2016,153.093085,-27.577102
2016,153.1533972,-27.50960398
2016,153.103546,-27.501827
2016,152.9818187,-27.53112255
2016,153.086182,-27.583428
2016,153.098301,-27.583289
2016,153.059353,-27.472566
2016,153.090354,-27.554524
2016,153.032896,-27.488655
2016,153.040348,-27.558825
2016,153.046532,-27.630596
2016,153.027298,-27.588501
2016,153.134202,-27.54724
2016,153.076973,-27.535651
2016,153.185466,-27.372108
2016,153.008108,-27.556039
2016,153.021604,-27.482375
2016,153.004886,-27.594318
2016,153.035485,-27.473188
2016,153.165404,-27.476166
2016,153.071649,-27.461069
