Longitutde,Latitude,Severity
153.029545,-27.464934,2
153.041625,-27.44986599,2
152.974399,-27.496984,2
153.040332,-27.558939,2
153.0634373,-27.54600412,2
152.9232431,-27.59383251,2
153.0096327,-27.46092158,2
153.012509,-27.317753,2
153.144938,-27.463408,2
153.062047,-27.582182,2
153.032791,-27.509926,2
153.042569,-27.448887,2
153.032445,-27.455143,2
153.032431,-27.485941,2
153.016335,-27.356092,2
153.070638,-27.431788,2
153.179671,-27.513965,2
152.943383,-27.578303,2
152.988903,-27.459666,2
152.980774,-27.496352,2
152.994948,-27.335156,2
153.047386,-27.31378,2
153.01632,-27.483728,2
152.805383,-27.556376,2
153.008598,-27.46904,2
153.026913,-27.544331,2
152.969379,-27.568852,2
153.012828,-27.39795,2
153.030624,-27.484034,2
153.059936,-27.407774,2
153.0293778,-27.50022319,2
153.026378,-27.461691,2
153.050212,-27.503443,2
152.9934856,-27.58479028,2
152.965401,-27.465562,2
152.990954,-27.482999,2
153.007552,-27.410146,2
153.099959,-27.584476,2
153.045464,-27.479537,2
153.056794,-27.640152,2
153.060375,-27.620457,2
152.946947,-27.5278405,2
153.036033,-27.45205,2
153.06208,-27.285326,2
153.080001,-27.560242,2
153.039655,-27.48785,2
153.170383,-27.446128,2
153.13652,-27.434331,2
153.064878,-27.590091,2
152.980069,-27.463387,2
153.035493,-27.458077,2
153.054757,-27.47478,2
153.16761,-27.484915,2
153.039201,-27.354044,2
153.0517719,-27.42195162,2
152.9196936,-27.59992012,2
153.092602,-27.495425,2
153.007759,-27.53996,2
153.074547,-27.492664,2
153.029545,-27.464934,2
153.054457,-27.487269,2
153.040926,-27.434436,2
153.018016,-27.404902,2
153.025477,-27.495829,2
153.167836,-27.474482,2
153.113583,-27.472857,2
153.082839,-27.433127,2
153.040537,-27.452722,2
153.071621,-27.529466,2
153.0318891,-27.40469538,2
153.033467,-27.41148,2
153.066398,-27.55906464,2
153.0378202,-27.49558079,2
153.023014,-27.435438,2
152.932882,-27.60071764,2
152.96317,-27.580645,2
153.009537,-27.400882,2
153.0474155,-27.35140018,2
153.0236342,-27.37251833,2
153.039384,-27.359608,2
153.029422,-27.379051,2
153.0311369,-27.43718545,2
152.9323377,-27.60425889,2
153.079241,-27.608632,2
153.032962,-27.509707,2
153.077168,-27.49353514,2
152.996028,-27.450842,2
153.028211,-27.463559,2
152.871878,-27.553425,2
153.0511773,-27.47597556,2
153.119833,-27.537078,2
153.02939,-27.480805,2
153.035457,-27.374156,2
153.026437,-27.365258,2
153.020328,-27.37124087,2
153.096439,-27.37328,2
153.019052,-27.578975,2
153.034528,-27.506767,2
153.040564,-27.312773,2
153.0398713,-27.49264257,2
153.028343,-27.377338,2
153.03283,-27.428738,2
153.0706138,-27.4392202,2
153.031668,-27.402202,2
152.980256,-27.568655,2
153.031458,-27.398308,2
152.9911076,-27.34894239,2
153.01915,-27.567613,2
153.014001,-27.515434,2
153.02644,-27.463357,2
152.953495,-27.508312,2
153.031444,-27.401852,2
153.074548,-27.561967,2
153.043191,-27.604425,2
152.974911,-27.449434,2
152.9875122,-27.46715364,2
153.006398,-27.461881,2
153.0154019,-27.46320634,2
153.028211,-27.463559,2
153.020927,-27.463014,2
153.078805,-27.518952,2
153.095984,-27.471173,2
153.130539,-27.504874,2
153.047478,-27.405052,2
152.964598,-27.5746716,2
153.055115,-27.606172,2
153.091935,-27.4955529,2
153.042661,-27.464466,2
153.039397,-27.312782,2
153.045969,-27.330729,2
153.016932,-27.410534,2
153.167287,-27.437285,2
153.119084,-27.482317,2
153.023408,-27.37594,2
153.059425,-27.343762,2
153.070324,-27.43760937,2
153.040868,-27.650738,2
153.0196382,-27.5883664,2
152.9903874,-27.44233616,2
152.922314,-27.43511,2
153.040202,-27.507073,2
152.954619,-27.515625,2
152.982284,-27.52802835,2
153.044158,-27.338191,2
153.045228,-27.428015,2
152.957897,-27.565243,2
153.038559,-27.44395,2
152.968655,-27.633567,2
153.0289665,-27.3110983,2
153.0818437,-27.55972134,2
153.032412,-27.485999,2
153.039504,-27.49783,2
153.0594164,-27.34215354,2
153.04106,-27.430572,2
153.063298,-27.381129,2
153.027252,-27.6440291,2
152.962684,-27.491862,2
152.975152,-27.510491,2
153.01132,-27.409682,2
153.027107,-27.411781,2
153.027272,-27.43209,2
153.0302321,-27.50038095,2
153.058593,-27.448153,2
153.036081,-27.488567,2
153.040481,-27.483565,2
152.990882,-27.407475,2
153.02673,-27.46985486,2
153.020598,-27.556549,2
153.035541,-27.499528,2
153.17376,-27.448284,2
153.061038,-27.616683,2
152.990769,-27.443173,2
153.035443,-27.457614,2
152.9931816,-27.35670099,2
153.081241,-27.379666,2
153.064299,-27.439294,2
153.058646,-27.599159,2
153.036758,-27.459193,2
153.026958,-27.4512392,2
152.965944,-27.501024,2
153.099681,-27.579705,2
153.071811,-27.34731,2
153.0613,-27.36054,2
153.048016,-27.401819,2
153.100711,-27.443659,2
152.927206,-27.588961,2
153.027298,-27.588501,2
153.028034,-27.461369,2
152.9929533,-27.59586001,2
152.947554,-27.514762,2
153.02387,-27.553346,2
153.080723,-27.456418,2
153.013369,-27.321328,2
153.026472,-27.496751,2
153.026769,-27.483536,2
153.178842,-27.368117,2
153.0630938,-27.58898137,2
153.032595,-27.514128,2
152.996329,-27.482917,2
153.068605,-27.472951,2
153.012385,-27.479221,2
153.016049,-27.48616,2
153.053337,-27.420423,2
152.98708,-27.402755,2
153.068465,-27.611465,2
153.062539,-27.611419,2
153.0269884,-27.5149637,2
153.011589,-27.457655,2
153.04201,-27.45839,2
152.913941,-27.51963,2
152.949307,-27.507299,2
153.029016,-27.331616,2
152.936971,-27.401856,2
153.0667196,-27.62423377,2
153.027859,-27.466239,2
153.029177,-27.473291,2
153.029368,-27.467787,2
153.041896,-27.47185629,2
153.063508,-27.471872,2
153.08118,-27.559854,2
153.016656,-27.356299,2
153.059676,-27.343788,2
153.01423,-27.5719094,2
153.040705,-27.504346,2
153.057701,-27.495388,2
152.978683,-27.492917,2
152.989395,-27.488533,2
153.035083,-27.569942,2
153.059596,-27.472411,2
153.0917353,-27.46876712,2
153.008227,-27.331123,2
152.995143,-27.561752,2
153.008504,-27.406286,2
153.066128,-27.561076,2
153.012941,-27.383219,2
153.088164,-27.431886,2
153.033836,-27.412485,2
153.0419,-27.645783,2
153.023564,-27.468224,2
153.049026,-27.453723,2
152.975986,-27.597783,2
153.047461,-27.313948,2
153.047826,-27.3146964,2
153.043107,-27.432954,2
153.041457,-27.64729,2
153.064911,-27.589983,2
153.054703,-27.609758,2
153.0441904,-27.59743291,2
153.039887,-27.598781,2
152.872552,-27.417125,2
153.022071,-27.469437,2
153.021717,-27.4714089,2
153.0428984,-27.47919283,2
153.018034,-27.34689,2
153.124687,-27.502819,2
153.031074,-27.437477,2
153.041309,-27.611382,2
153.0499534,-27.64777515,2
153.021624,-27.512496,2
153.018479,-27.468229,2
153.007874,-27.469284,2
153.056572,-27.528803,2
153.055,-27.51425,2
152.9538097,-27.61318873,2
153.020949,-27.558482,2
153.087802,-27.554186,2
153.005245,-27.480185,2
152.996936,-27.395351,2
153.048073,-27.440932,2
153.0442405,-27.59736268,2
153.015544,-27.463958,2
153.021769,-27.471468,2
153.058182,-27.534971,2
152.955671,-27.595444,2
152.987334,-27.631072,2
153.0589283,-27.53837476,2
153.060855,-27.617678,2
153.044747,-27.638692,2
152.987443,-27.596704,2
152.980079,-27.503856,2
153.1076749,-27.56452222,2
153.010767,-27.474526,2
153.035657,-27.476423,2
153.030794,-27.482698,2
153.001246,-27.389615,2
153.047165,-27.414454,2
152.948039,-27.417883,2
153.0497831,-27.62073538,2
153.0500389,-27.62039659,2
153.0575056,-27.64900227,2
152.9212191,-27.59851549,2
152.89737,-27.431573,2
153.02759,-27.450573,2
153.021144,-27.303608,2
153.182524,-27.456441,2
153.145175,-27.46336,2
153.161851,-27.57113,2
153.058402,-27.599312,2
153.012837,-27.455836,2
153.05306,-27.51081,2
153.036224,-27.454876,2
153.0503566,-27.32087139,2
153.08482,-27.588215,2
153.0599858,-27.34478011,2
153.08596,-27.356259,2
153.126349,-27.498233,2
153.051215,-27.611034,2
153.100719,-27.49988886,2
153.010885,-27.451178,2
153.0411019,-27.43555404,2
153.062744,-27.516169,2
152.976502,-27.592206,2
152.999099,-27.503914,2
153.065176,-27.311743,2
153.106413,-27.586482,2
152.985,-27.3859,2
153.077073,-27.395012,2
153.030752,-27.439871,2
152.9589543,-27.4100026,2
152.984282,-27.451064,2
153.024133,-27.467885,2
152.9876513,-27.5984055,2
152.960578,-27.5061884,2
153.0012705,-27.39038003,2
153.099738,-27.554591,2
153.014036,-27.487402,2
153.018832,-27.481992,2
152.993022,-27.356679,2
153.040558,-27.520082,2
152.974265,-27.448067,2
153.07043,-27.527888,2
152.974382,-27.504245,2
153.0630282,-27.45386683,2
153.059961,-27.464368,2
153.031029,-27.39647,2
153.1419,-27.4842,2
153.1516525,-27.45878908,2
153.171962,-27.377815,2
153.012602,-27.345965,2
153.0601269,-27.34836382,2
153.0429616,-27.43194317,2
152.984152,-27.3994673,2
153.011072,-27.468838,2
153.035658,-27.457825,2
153.04201,-27.45839,2
153.075895,-27.544392,2
152.990504,-27.485324,2
153.0171,-27.543462,2
153.065109,-27.311802,2
153.063794,-27.283704,2
153.1736077,-27.44486121,2
153.032346,-27.426627,2
152.949651,-27.444943,2
153.037873,-27.349977,2
153.041203,-27.437127,2
153.0410341,-27.48730787,2
153.0038799,-27.65585693,2
153.0530854,-27.62442962,2
153.0123905,-27.58130403,2
153.018927,-27.459967,2
153.046648,-27.505352,2
153.0357198,-27.57002368,2
153.031631,-27.569418,2
153.077937,-27.560819,2
153.08553,-27.574998,2
153.124009,-27.503874,2
153.0276309,-27.46008528,2
153.004183,-27.469854,2
153.038858,-27.506763,2
153.039978,-27.45342,2
152.945428,-27.597469,2
152.956501,-27.625027,2
152.948985,-27.623852,2
153.093363,-27.543763,2
153.090103,-27.570073,2
153.04364,-27.485701,2
153.037131,-27.486707,2
153.165403,-27.476277,2
153.172148,-27.497389,2
153.066891,-27.438613,2
152.988469,-27.404391,2
153.041241,-27.648983,2
152.9779063,-27.459542,2
152.979699,-27.452284,2
153.114675,-27.508773,2
152.9847976,-27.47906484,2
152.9757508,-27.56706795,2
153.0357905,-27.49716349,2
153.0387202,-27.49680378,2
153.117599,-27.47993096,2
153.060146,-27.348658,2
153.034158,-27.412851,2
153.03214,-27.60859,2
153.045146,-27.637081,2
153.023501,-27.458145,2
153.069047,-27.47254,2
153.068505,-27.318916,2
153.061323,-27.571581,2
153.105076,-27.578624,2
153.128377,-27.480405,2
153.041195,-27.354335,2
153.038226,-27.38699,2
153.044948,-27.388009,2
152.980968,-27.447867,2
153.0449772,-27.49869209,2
153.0354415,-27.45880405,2
153.0372511,-27.45752025,2
152.9855439,-27.47510221,2
153.019206,-27.544419,2
153.026542,-27.483336,2
153.170383,-27.446128,2
153.031334,-27.390572,2
153.075356,-27.605274,2
153.007059,-27.599356,2
153.064428,-27.467227,2
153.053969,-27.328752,2
153.035863,-27.476296,2
153.040271,-27.648121,2
153.0387,-27.504069,2
153.025803,-27.474541,2
153.000917,-27.450829,2
153.067414,-27.52466,2
153.181584,-27.457958,2
153.125391,-27.503008,2
153.063478,-27.5892,2
152.953547,-27.508434,2
152.9820997,-27.53735355,2
153.063697,-27.573795,2
153.039587,-27.498231,2
153.057555,-27.616186,2
153.041713,-27.598349,2
153.071123,-27.494202,2
153.011333,-27.46248,2
153.04246,-27.443567,2
152.963446,-27.504418,2
153.0979146,-27.46029701,2
153.040332,-27.558939,2
153.050103,-27.347484,2
153.043128,-27.604384,2
153.0264099,-27.46167735,2
153.038816,-27.507019,2
153.029579,-27.446014,2
153.004107,-27.598532,2
153.0130655,-27.64206199,2
152.995335,-27.482016,2
152.979082,-27.553529,2
153.131701,-27.547122,2
153.164186,-27.559153,2
153.042357,-27.38984,2
153.047521,-27.64745,2
152.952943,-27.570464,2
152.956315,-27.5492299,2
152.980289,-27.568796,2
152.932228,-27.604085,2
153.014052,-27.523707,2
153.07299,-27.51639,2
152.974399,-27.496984,2
153.063499,-27.486713,2
153.0591286,-27.4689134,2
153.010179,-27.328596,2
153.02817,-27.341843,2
153.0950161,-27.38755537,2
153.014412,-27.517984,2
153.0109775,-27.46479853,2
153.0387568,-27.31625788,2
153.036427,-27.415468,2
152.943263,-27.427398,2
153.007213,-27.46694,2
153.0218254,-27.47206487,2
152.971442,-27.610124,2
153.0692562,-27.56153685,2
153.0410716,-27.48051654,2
153.043303,-27.604311,2
153.101492,-27.495018,2
153.013477,-27.466479,2
152.987394,-27.59639,2
152.987886,-27.480533,2
153.07044,-27.572805,2
153.064878,-27.590091,2
153.026824,-27.586002,2
153.092437,-27.543569,2
152.974049,-27.5830076,2
153.020376,-27.550671,2
153.04668,-27.576069,2
153.092339,-27.591269,2
153.063818,-27.571635,2
153.073207,-27.573151,2
153.095485,-27.591757,2
153.106345,-27.577085,2
153.044649,-27.3358475,2
153.180016,-27.514252,2
153.0746696,-27.41156056,2
152.942254,-27.411487,2
153.0465591,-27.63071615,2
153.024403,-27.57962,2
153.060293,-27.589077,2
152.9553187,-27.48388862,2
153.080001,-27.560242,2
153.0255613,-27.49826367,2
153.01922,-27.490913,2
153.051312,-27.415843,2
153.063673,-27.38036,2
153.048214,-27.623767,2
152.96133,-27.575994,2
152.955822,-27.541527,2
152.975633,-27.496901,2
152.948118,-27.52280763,2
153.063375,-27.575689,2
153.05,-27.48783,2
153.021908,-27.384564,2
153.1595777,-27.5087328,2
153.0589178,-27.40020726,2
153.083361,-27.433371,2
152.991324,-27.419054,2
153.011127,-27.468217,2
152.982531,-27.502632,2
152.991305,-27.48077,2
152.936789,-27.510504,2
153.078325,-27.456037,2
153.085561,-27.562758,2
153.040739,-27.485232,2
153.121996,-27.487868,2
153.053321,-27.348115,2
152.942215,-27.411493,2
152.9226758,-27.55649544,2
152.976006,-27.587089,2
152.981833,-27.538808,2
153.018832,-27.481992,2
153.112047,-27.472425,2
153.031145,-27.387887,2
152.96272,-27.411954,2
152.990239,-27.424972,2
152.9906039,-27.42295057,2
153.062004,-27.611313,2
153.1033998,-27.50287325,2
153.1005273,-27.49907029,2
152.978514,-27.492951,2
152.9470789,-27.52694534,2
153.091675,-27.547172,2
153.031005,-27.385931,2
153.030834,-27.439841,2
153.0571801,-27.60197927,2
152.9791586,-27.62867231,2
152.9925675,-27.47255733,2
152.975373,-27.503047,2
152.96319,-27.502382,2
152.975213,-27.510551,2
153.079155,-27.560474,2
153.0604029,-27.62027385,2
152.989487,-27.447398,2
153.088695,-27.495791,2
153.0734257,-27.53151433,2
152.968939,-27.588747,2
152.981874,-27.597538,2
153.0643212,-27.48324401,2
153.059299,-27.370131,2
152.992205,-27.445627,2
153.124414,-27.502781,2
153.007874,-27.469284,2
153.031394,-27.445644,2
152.9550338,-27.624834,2
153.020697,-27.557945,2
153.0117734,-27.41988043,2
153.005132,-27.409784,2
153.184351,-27.47210339,2
153.0182,-27.370561,2
153.051293,-27.376594,2
153.069178,-27.38796,2
153.020043,-27.558475,2
153.029545,-27.464934,2
153.03758,-27.45511683,2
152.921717,-27.511153,2
153.009618,-27.40027,2
153.011422,-27.402992,2
153.032144,-27.378354,2
153.0766803,-27.34423429,2
153.001041,-27.358891,2
153.042234,-27.645367,2
153.040887,-27.6501362,2
153.058894,-27.648834,2
153.014884,-27.459927,2
153.003962,-27.451929,2
153.044519,-27.515246,2
152.976006,-27.587089,2
152.955315,-27.609591,2
152.938228,-27.506923,2
152.97121,-27.498836,2
153.024435,-27.411481,2
153.042262,-27.497945,2
153.0348271,-27.47773296,2
153.156222,-27.453003,2
153.012732,-27.345867,2
153.049613,-27.6477476,2
153.015982,-27.465978,2
153.008907,-27.44602954,2
152.999786,-27.470625,2
153.046764,-27.502764,2
153.1017803,-27.44695632,2
153.00428,-27.316741,2
153.034646,-27.500938,2
153.035053,-27.501022,2
153.179161,-27.444216,2
153.025665,-27.369308,2
153.0935826,-27.61788432,2
152.980406,-27.568772,2
153.061928,-27.58287783,2
152.9819683,-27.49173575,2
153.008918,-27.390825,2
153.090354,-27.554524,2
153.031661,-27.400965,2
152.9836599,-27.64839493,2
153.092518,-27.41119,2
153.051215,-27.611034,2
153.061664,-27.584166,2
153.086482,-27.535995,2
153.039397,-27.312782,2
153.0586614,-27.57502409,2
153.036672,-27.415469,2
152.978504,-27.4044393,2
152.991504,-27.4102841,2
153.018769,-27.592674,2
153.037052,-27.501579,2
153.094817,-27.495909,2
153.005493,-27.465137,2
152.992201,-27.485846,2
153.046738,-27.312909,2
153.126045,-27.5002167,2
153.034987,-27.421546,2
153.059885,-27.4050268,2
152.90477,-27.406587,2
153.0324812,-27.51020032,2
153.123579,-27.50349,2
153.0231773,-27.46570077,2
153.031137,-27.447902,2
153.016644,-27.471478,2
152.997358,-27.343815,2
153.0633685,-27.41134687,2
153.020337,-27.558649,2
153.041862,-27.449898,2
152.996437,-27.4787,2
152.890951,-27.542415,2
153.018318,-27.474019,2
153.030999,-27.385905,2
153.118654,-27.382757,2
153.034051,-27.421379,2
153.026086,-27.411687,2
153.115162,-27.569308,2
153.1144136,-27.57898312,2
153.014081,-27.376138,2
153.028793,-27.464193,2
153.023591,-27.472302,2
153.014701,-27.466183,2
153.003718,-27.46912,2
153.011336,-27.46261,2
153.028211,-27.463559,2
153.093945,-27.531787,2
153.103153,-27.533873,2
152.952777,-27.508113,2
153.11101,-27.450226,2
153.05519,-27.570724,2
153.007362,-27.43855,2
153.020323,-27.5840895,2
152.994414,-27.445518,2
152.97097,-27.497805,2
153.0727173,-27.31835844,2
153.0133,-27.317949,2
153.090252,-27.57143,2
153.019654,-27.484913,2
153.057982,-27.433,2
152.983388,-27.417985,2
152.942884,-27.533778,2
153.029395,-27.518288,2
152.971169,-27.588325,2
153.030883,-27.393433,2
153.072521,-27.338188,2
153.1721943,-27.51619917,2
153.114363,-27.391011,2
152.993332,-27.407044,2
153.028707,-27.500294,2
152.981643,-27.604185,2
153.0062807,-27.58638368,2
153.1275866,-27.49563816,2
153.057573,-27.362589,2
153.037012,-27.365977,2
153.0216487,-27.37235728,2
153.043107,-27.432954,2
153.0812346,-27.37960157,2
153.060174,-27.621742,2
153.012789,-27.325157,2
153.047751,-27.47847,2
153.06596,-27.389984,2
152.918979,-27.604035,2
152.980289,-27.568796,2
152.9978307,-27.45908647,2
153.0410531,-27.43926285,2
153.0279,-27.45108,2
152.986734,-27.492006,2
152.981775,-27.491674,2
152.9762546,-27.5091829,2
153.050695,-27.48342,2
153.059693,-27.408825,2
152.9221262,-27.59322549,2
153.058426,-27.583356,2
153.0076544,-27.44449,2
153.004838,-27.594054,2
153.018514,-27.293247,2
153.104941,-27.577607,2
153.116766,-27.545278,2
153.032052,-27.386056,2
153.031857,-27.432597,2
152.943141,-27.566593,2
153.013208,-27.464947,2
152.9630818,-27.50617426,2
153.086952,-27.564017,2
153.062002,-27.588524,2
153.014734,-27.521744,2
153.0342589,-27.45961378,2
153.0347744,-27.31010719,2
153.185277,-27.45334,2
153.022111,-27.347516,2
153.015819,-27.355275,2
153.0311879,-27.46180404,2
153.021722,-27.362076,2
153.062344,-27.581572,2
153.08957,-27.554389,2
153.098477,-27.60829,2
153.036808,-27.366822,2
153.078827,-27.399164,2
153.004091,-27.461045,2
153.013349,-27.318289,2
153.008507,-27.330973,2
153.062736,-27.579263,2
153.1600253,-27.43679942,2
153.027449,-27.3730536,2
153.066211,-27.350283,2
153.023129,-27.373477,2
153.0341434,-27.42085226,2
152.977273,-27.420349,2
152.9299538,-27.4105836,2
153.0429103,-27.63812573,2
152.9484535,-27.53629074,2
153.0277982,-27.47177811,2
153.02652,-27.475278,2
153.043289,-27.557605,2
153.190968,-27.473737,2
153.0522708,-27.41654245,2
152.989534,-27.418798,2
153.051215,-27.611034,2
153.061112,-27.587198,2
153.081002,-27.599473,2
153.010526,-27.467238,2
153.079845,-27.53883,2
152.949227,-27.597408,2
152.957957,-27.625218,2
152.994226,-27.481652,2
153.019406,-27.303004,2
153.055153,-27.57443,2
153.020711,-27.477476,2
153.180544,-27.368985,2
153.0388714,-27.36565927,2
153.017042,-27.360827,2
153.059101,-27.33862,2
153.0219274,-27.51241673,2
153.024295,-27.45116962,2
152.955292,-27.609735,2
152.983129,-27.48733799,2
153.027634,-27.307148,2
153.183001,-27.516785,2
153.171502,-27.558954,2
152.998755,-27.494317,2
153.049573,-27.564772,2
153.147959,-27.461325,2
153.074976,-27.341767,2
153.031077,-27.38635016,2
153.0472843,-27.39917121,2
152.961829,-27.404413,2
152.948413,-27.427772,2
152.990224,-27.440944,2
152.981554,-27.640093,2
153.079631,-27.550234,2
153.081676,-27.3555476,2
153.027076,-27.437526,2
153.098404,-27.512209,2
153.040264,-27.51160378,2
153.0412678,-27.4500959,2
153.005924,-27.588705,2
153.113764,-27.45144,2
153.061402,-27.285796,2
153.016937,-27.364016,2
153.067922,-27.650801,2
153.0254074,-27.47412926,2
153.02652,-27.475278,2
153.012949,-27.45607573,2
153.050693,-27.558757,2
153.086138,-27.567576,2
153.0850494,-27.5671301,2
153.026398,-27.482998,2
153.168018,-27.454628,2
153.055211,-27.361972,2
153.0369691,-27.4293208,2
153.048972,-27.396118,2
153.0427658,-27.43267104,2
152.972558,-27.412576,2
153.008544,-27.445718,2
153.006594,-27.49819,2
153.105337,-27.579111,2
153.019645,-27.484042,2
153.016214,-27.487051,2
153.157342,-27.44739,2
153.095639,-27.362319,2
152.9850293,-27.38961906,2
152.941937,-27.546225,2
153.099758,-27.504896,2
152.999747,-27.458751,2
153.1146227,-27.45140528,2
153.0412209,-27.47969964,2
153.119125,-27.474523,2
153.017061,-27.363996,2
153.096878,-27.370979,2
153.059309,-27.394366,2
153.032623,-27.427641,2
152.969533,-27.404909,2
152.916843,-27.55562,2
152.9813021,-27.5725111,2
153.027176,-27.588404,2
153.013674,-27.459082,2
153.025985,-27.465272,2
153.023191,-27.47306,2
153.043907,-27.448369,2
153.040926,-27.434436,2
153.041128,-27.456313,2
153.072621,-27.514357,2
153.00569,-27.503958,2
153.025952,-27.530988,2
153.035083,-27.569942,2
153.062277,-27.3011411,2
153.0289618,-27.31123598,2
152.998426,-27.56004,2
153.039798,-27.350586,2
153.017239,-27.362788,2
152.989895,-27.379783,2
153.0828583,-27.43313989,2
153.040838,-27.64954,2
152.931724,-27.561945,2
153.01899,-27.490714,2
153.033265,-27.49156,2
153.156222,-27.453003,2
153.072791,-27.402881,2
153.095353,-27.625055,2
153.077133,-27.597708,2
153.064911,-27.589983,2
153.019853,-27.467149,2
153.000002,-27.462804,2
153.004571,-27.461252,2
153.044961,-27.467873,2
152.963534,-27.49763,2
153.079435,-27.61372,2
152.985028,-27.387974,2
152.922525,-27.569346,2
153.027842,-27.59758,2
153.033799,-27.459679,2
153.064152,-27.571807,2
153.026423,-27.389076,2
153.022222,-27.383914,2
153.062134,-27.370177,2
153.076155,-27.396435,2
152.865269,-27.419817,2
153.057959,-27.599347,2
152.991564,-27.44582,2
153.041023,-27.450427,2
152.976899,-27.502019,2
153.024021,-27.31082,2
152.979431,-27.56633,2
153.008089,-27.408339,2
153.035657,-27.476423,2
153.075184,-27.41196,2
153.046611,-27.501905,2
153.027812,-27.4510858,2
153.07075,-27.529925,2
152.9712162,-27.62148582,2
153.0061003,-27.49387735,2
152.982722,-27.478346,2
152.9473166,-27.52587919,2
152.9993,-27.559936,2
153.0095204,-27.40051068,2
153.117594,-27.544106,2
153.042908,-27.432316,2
153.0797493,-27.61408039,2
153.0449662,-27.63788075,2
152.980478,-27.568926,2
152.9409692,-27.54775816,2
153.039334,-27.502885,2
153.003718,-27.46912,2
153.008414,-27.47053,2
153.014149,-27.458425,2
153.018061,-27.467917,2
152.958268,-27.511069,2
153.074824,-27.562705,2
153.13109,-27.475269,2
153.03817,-27.395945,2
153.031499,-27.389839,2
153.08973,-27.412069,2
153.05889,-27.61162,2
153.028311,-27.513502,2
153.1326541,-27.47586859,2
153.029662,-27.658997,2
152.96273,-27.411553,2
153.036158,-27.596008,2
153.0994656,-27.50561644,2
153.038756,-27.461391,2
152.980561,-27.492642,2
153.065889,-27.477843,2
153.022335,-27.400954,2
153.059962,-27.407789,2
152.984988,-27.38918399,2
152.980608,-27.566222,2
153.063695,-27.573314,2
153.012602,-27.345965,2
153.059217,-27.411295,2
152.990537,-27.405781,2
153.047468,-27.580602,2
153.0270863,-27.45761986,2
153.024713,-27.465548,2
153.015687,-27.457617,2
153.035625,-27.461544,2
153.028152,-27.561547,2
153.0441443,-27.31290485,2
153.087802,-27.554186,2
153.0379618,-27.49612628,2
153.0646634,-27.43921291,2
153.030211,-27.442581,2
153.065806,-27.383021,2
152.98332,-27.418057,2
152.990775,-27.406576,2
153.012372,-27.557355,2
153.031519,-27.463267,2
153.058925,-27.537553,2
153.0857419,-27.47027161,2
153.070915,-27.465084,2
152.976008,-27.520337,2
152.979784,-27.566068,2
153.063565,-27.57377,2
153.0195764,-27.48579445,2
153.005012,-27.429794,2
152.989288,-27.446102,2
153.027859,-27.466239,2
153.030354,-27.461726,2
153.028961,-27.458726,2
153.032248,-27.455366,2
153.068206,-27.53152,2
153.077755,-27.536273,2
153.0403783,-27.32832416,2
153.066642,-27.558158,2
153.019611,-27.491149,2
153.174963,-27.45680773,2
153.0623942,-27.61143714,2
153.0205614,-27.58310036,2
153.078805,-27.518952,2
153.053886,-27.519992,2
152.990647,-27.480661,2
153.027025,-27.531316,2
153.039025,-27.54585,2
153.04653,-27.330501,2
153.000449,-27.416273,2
153.040841,-27.491945,2
153.0885125,-27.40887009,2
153.0883969,-27.35676498,2
153.007454,-27.438378,2
153.020862,-27.657586,2
152.933076,-27.5290782,2
152.988792,-27.451715,2
153.028635,-27.469688,2
153.03574,-27.459051,2
153.099629,-27.54465,2
153.063866,-27.484152,2
153.0678183,-27.32133832,2
153.066088,-27.561365,2
153.173022,-27.467656,2
153.022464,-27.384873,2
153.013056,-27.381749,2
153.019526,-27.431996,2
153.062487,-27.439662,2
153.074597,-27.413902,2
153.048073,-27.440932,2
153.091975,-27.38129,2
152.934471,-27.552983,2
153.179813,-27.486436,2
153.03447,-27.420023,2
153.0295248,-27.44640606,2
152.959221,-27.599188,2
152.97254,-27.602059,2
153.003829,-27.478195,2
153.032874,-27.484097,2
153.032874,-27.484097,2
153.0369589,-27.36606016,2
153.00636,-27.454206,2
153.03574,-27.459051,2
153.03574,-27.459051,2
152.970982,-27.627229,2
153.176919,-27.447112,2
153.185652,-27.518927,2
153.032215,-27.40551,2
153.0573164,-27.58587746,2
153.082982,-27.600164,2
152.986762,-27.446094,2
153.0287111,-27.46965531,2
153.0661431,-27.52338893,2
153.016795,-27.410831,2
153.090177,-27.571143,2
153.034092,-27.42046,2
153.005895,-27.43453257,2
153.042721,-27.603415,2
152.939996,-27.442317,2
153.0304156,-27.46564601,2
153.048112,-27.505551,2
153.063912,-27.517678,2
152.9595017,-27.59194982,2
153.044629,-27.533447,2
153.10724,-27.457012,2
153.098604,-27.583553,2
153.012055,-27.480976,2
153.06243,-27.374536,2
152.994292,-27.354911,2
153.034092,-27.42046,2
153.031699,-27.435195,2
153.060891,-27.587802,2
153.0985188,-27.51169392,2
153.026202,-27.470695,2
153.024304,-27.471731,2
153.012449,-27.458662,2
153.059991,-27.495731,2
153.0483485,-27.31594174,2
153.023064,-27.480901,2
153.0301358,-27.3826528,2
153.1255006,-27.50292415,2
153.114741,-27.427842,2
153.0952429,-27.37641661,2
153.046419,-27.630165,2
153.075898,-27.49997,2
153.020204,-27.470219,2
153.105395,-27.541506,2
152.987232,-27.596559,2
152.9632793,-27.50012266,2
153.1093081,-27.45979491,2
153.026005,-27.496371,2
153.027842,-27.496137,2
153.044045,-27.479304,2
153.035845,-27.482847,2
153.156503,-27.451706,2
153.036636,-27.415522,2
153.04146,-27.647776,2
152.940088,-27.55983,2
153.079081,-27.392154,2
153.094773,-27.377753,2
153.034876,-27.458704,2
153.029591,-27.445904,2
153.070625,-27.5285574,2
153.1172725,-27.54381237,2
153.032847,-27.482422,2
153.125951,-27.489592,2
153.031262,-27.38832,2
153.0321229,-27.43640561,2
152.99258,-27.406924,2
152.974674,-27.502135,2
153.016145,-27.452907,2
153.00566,-27.472784,2
152.988686,-27.626003,2
152.963461,-27.502646,2
153.016825,-27.557891,2
153.06363,-27.571979,2
153.134668,-27.48231,2
153.171607,-27.446067,2
153.166767,-27.454963,2
153.0319575,-27.43202979,2
153.015466,-27.460134,2
153.005883,-27.502338,2
152.949325,-27.507197,2
153.107109,-27.455354,2
153.165333,-27.476256,2
153.162008,-27.460807,2
153.056335,-27.369638,2
152.923671,-27.607405,2
153.046138,-27.467156,2
153.008849,-27.334587,2
153.008675,-27.405424,2
153.0976776,-27.60033044,2
153.09014,-27.571032,2
153.167052,-27.475158,2
153.053962,-27.348606,2
153.031086,-27.437724,2
153.025362,-27.437317,2
153.0585019,-27.4151398,2
153.090495,-27.415545,2
153.075525,-27.438372,2
152.9423207,-27.54727021,2
152.9461531,-27.5791761,2
153.0288573,-27.46547822,2
153.015281,-27.466766,2
153.031188,-27.461804,2
152.9787589,-27.50381618,2
153.1276953,-27.49288202,2
153.140377,-27.475873,2
153.017498,-27.558087,2
152.997332,-27.446,2
153.040324,-27.457063,2
152.968,-27.489574,2
152.881966,-27.555001,2
153.050712,-27.330864,2
153.0354732,-27.51955244,2
153.01109,-27.468529,2
153.05755,-27.495511,2
152.985918,-27.598504,2
153.059309,-27.394366,2
153.089445,-27.384417,2
153.039013,-27.504852,2
152.993878,-27.445198,2
153.039686,-27.542628,2
153.025504,-27.329895,2
153.063102,-27.577445,2
153.105216,-27.584456,2
153.0532784,-27.3654714,2
152.999424,-27.420587,2
152.974004,-27.578222,2
153.0170968,-27.55803611,2
152.988438,-27.460613,2
153.014926,-27.466194,2
153.02845,-27.45295,2
153.062163,-27.512834,2
152.963195,-27.5980147,2
153.01494,-27.534688,2
153.011304,-27.391592,2
153.091494,-27.548369,2
153.031335,-27.389797,2
152.946617,-27.551663,2
152.980231,-27.566506,2
153.071869,-27.529232,2
152.946563,-27.597708,2
152.984922,-27.478308,2
153.044586,-27.302356,2
153.044547,-27.336008,2
153.180864,-27.486604,2
153.0506445,-27.41489846,2
153.076006,-27.438391,2
152.977043,-27.414905,2
152.959434,-27.570923,2
152.917014,-27.548975,2
152.972227,-27.498306,2
153.106292,-27.577651,2
153.061033,-27.356615,2
153.0364583,-27.41560293,2
152.9823735,-27.57627793,2
152.958877,-27.569372,2
152.984329,-27.447112,2
153.090222,-27.503778,2
153.028793,-27.464193,2
153.038858,-27.442173,2
153.047882,-27.516537,2
153.02361,-27.5656,2
153.056548,-27.326752,2
153.062506,-27.285081,2
153.01108,-27.543177,2
153.0914083,-27.54892005,2
153.108187,-27.567786,2
153.039698,-27.487634,2
153.038552,-27.35004,2
153.048207,-27.354034,2
153.021908,-27.384564,2
153.015999,-27.355461,2
153.024945,-27.374568,2
153.0170694,-27.36537904,2
153.047864,-27.402721,2
153.033939,-27.42199,2
153.076768,-27.413117,2
152.935142,-27.581533,2
153.016805,-27.557991,2
153.060123,-27.518171,2
153.095693,-27.52663,2
152.862769,-27.475307,2
153.0429373,-27.47925673,2
153.030598,-27.485737,2
153.031502,-27.486037,2
153.185358,-27.454255,2
153.063654,-27.409691,2
153.100637,-27.499348,2
153.0490126,-27.46389225,2
152.994188,-27.492026,2
152.996302,-27.473256,2
153.011611,-27.541427,2
153.058283,-27.459876,2
153.057291,-27.473317,2
153.1035981,-27.58187455,2
153.048671,-27.351598,2
153.070572,-27.437515,2
152.9804326,-27.49236762,2
152.980485,-27.511828,2
153.117853,-27.544871,2
153.165369,-27.405108,2
152.980409,-27.375257,2
152.994331,-27.653069,2
153.034902,-27.617722,2
153.063672,-27.597588,2
153.082594,-27.59974,2
153.005027,-27.471809,2
153.0083538,-27.46758372,2
153.065611,-27.519542,2
153.0790216,-27.53955508,2
152.959829,-27.627606,2
153.042559,-27.5296567,2
153.0289392,-27.4873646,2
153.115728,-27.473459,2
153.017078,-27.3632932,2
153.062283,-27.439653,2
153.116214,-27.502381,2
153.010099,-27.460986,2
152.959463,-27.591924,2
153.076935,-27.467109,2
153.123956,-27.527203,2
153.019033,-27.42656,2
153.031825,-27.433632,2
153.029395,-27.518288,2
153.024582,-27.468947,2
153.062931,-27.520434,2
152.992474,-27.486136,2
153.090335,-27.554545,2
153.052725,-27.580534,2
153.128103,-27.49281,2
152.985316,-27.385678,2
153.062255,-27.383412,2
152.979312,-27.415972,2
152.98334,-27.402244,2
153.048432,-27.623682,2
152.985033,-27.457462,2
153.028211,-27.463559,2
153.036119,-27.45935,2
153.041206,-27.436767,2
153.061373,-27.519254,2
153.055818,-27.525491,2
152.936881,-27.50671,2
153.021796,-27.560704,2
153.112262,-27.463147,2
153.033821,-27.500769,2
153.056401,-27.373691,2
153.060146,-27.348658,2
153.031126,-27.437794,2
153.049569,-27.647724,2
152.927685,-27.589263,2
153.025487,-27.576736,2
153.004137,-27.654686,2
153.04089,-27.555909,2
153.146985,-27.5555555,2
153.0941766,-27.57226567,2
153.037646,-27.497275,2
153.030404,-27.482319,2
153.034381,-27.384467,2
153.0816087,-27.37934403,2
153.003718,-27.46912,2
152.948081,-27.50748,2
152.903797,-27.532824,2
153.059056,-27.399131,2
153.0411063,-27.41459322,2
153.018355,-27.46089297,2
153.0299218,-27.47137772,2
153.011227,-27.450781,2
153.046184,-27.454143,2
152.991247,-27.480825,2
153.096604,-27.469447,2
152.9965151,-27.52457442,2
153.04153,-27.483172,2
153.063122,-27.381798,2
153.076921,-27.412271,2
153.07744,-27.412776,2
153.094581,-27.388218,2
152.992534,-27.413589,2
153.124392,-27.506107,2
153.025468,-27.466817,2
152.968331,-27.599728,2
152.958579,-27.58659,2
152.979154,-27.59792,2
152.972901,-27.605175,2
153.063888,-27.484105,2
153.101944,-27.4471436,2
153.150178,-27.449684,2
153.021908,-27.384564,2
153.0769023,-27.40217019,2
153.0098382,-27.44754272,2
153.010645,-27.456942,2
153.004697,-27.494009,2
152.990079,-27.503617,2
153.01384,-27.478837,2
153.0304322,-27.38439967,2
153.032682,-27.428719,2
152.761894,-27.370607,2
153.039874,-27.599081,2
152.966542,-27.573838,2
152.957582,-27.56385079,2
152.987968,-27.445789,2
153.019703,-27.466961,2
153.020882,-27.467087,2
153.024733,-27.462709,2
153.0415093,-27.49974687,2
153.052833,-27.509608,2
153.027966,-27.451026,2
153.05662,-27.525983,2
153.038231,-27.559319,2
153.008422,-27.331096,2
153.074548,-27.561967,2
153.021937,-27.347555,2
153.030282,-27.434047,2
152.948491,-27.555619,2
152.988004,-27.43863,2
153.101708,-27.493571,2
153.007874,-27.469284,2
153.070096,-27.469578,2
153.048407,-27.316407,2
152.9810225,-27.5249538,2
153.0801388,-27.55752748,2
153.045476,-27.571477,2
153.103439,-27.57734,2
152.948892,-27.41445,2
153.129247,-27.475797,2
153.045681,-27.381467,2
152.9428552,-27.44313741,2
153.046312,-27.501194,2
153.012303,-27.479673,2
153.043215,-27.48343,2
153.032052,-27.386056,2
153.059255,-27.397853,2
152.93484,-27.559232,2
153.062002,-27.588524,2
153.041128,-27.456313,2
153.04201,-27.45839,2
153.022466,-27.304297,2
153.052861,-27.58045,2
153.042262,-27.497945,2
153.16417,-27.451152,2
153.035603,-27.402289,2
153.059188,-27.398277,2
153.095868,-27.626127,2
153.053858,-27.487502,2
152.969152,-27.497766,2
152.968806,-27.498795,2
153.05227,-27.421498,2
153.047393,-27.441328,2
153.096598,-27.373261,2
153.047447,-27.465776,2
153.042995,-27.470382,2
153.034582,-27.45301,2
153.012822,-27.641086,2
152.99354,-27.488399,2
152.914857,-27.493932,2
153.014639,-27.3051165,2
153.011084,-27.333044,2
153.030867,-27.393659,2
153.090868,-27.573013,2
153.0859914,-27.5674638,2
153.02224,-27.372619,2
153.125391,-27.503008,2
153.125391,-27.503008,2
153.078918,-27.434302,2
153.050534,-27.426505,2
153.014632,-27.522243,2
153.124011,-27.503881,2
153.009292,-27.500102,2
153.107347,-27.456288,2
153.047861,-27.311533,2
153.040379,-27.312858,2
153.08463,-27.59184,2
153.096882,-27.581824,2
153.021798,-27.478072,2
153.005684,-27.361092,2
152.986763,-27.387126,2
152.980511,-27.3750042,2
153.019762,-27.432378,2
152.990966,-27.40738,2
153.094891,-27.624067,2
153.031277,-27.513072,2
153.1023054,-27.50100448,2
153.087723,-27.500986,2
153.039017,-27.509092,2
153.04114,-27.457703,2
153.043761,-27.456608,2
153.042479,-27.462864,2
153.052623,-27.475471,2
153.082169,-27.554182,2
153.165018,-27.430649,2
153.11764,-27.474191,2
153.013981,-27.350835,2
153.179472,-27.513626,2
153.031536,-27.435277,2
152.932164,-27.611168,2
153.0220839,-27.46944844,2
152.99871,-27.468476,2
153.010606,-27.468094,2
152.9642644,-27.47948579,2
153.087968,-27.591285,2
153.013873,-27.363509,2
153.027203,-27.658611,2
153.125136,-27.50409,2
152.990899,-27.408014,2
153.024414,-27.46126,2
153.062039,-27.571649,2
153.006313,-27.435511,2
153.030855,-27.513882,2
153.035625,-27.461544,2
153.056572,-27.528803,2
152.947004,-27.597604,2
153.001234,-27.49759,2
153.035824,-27.482157,2
153.049198,-27.464035,2
153.054008,-27.52016,2
153.056902,-27.528933,2
152.976502,-27.592206,2
153.058424,-27.289664,2
153.1027806,-27.58185371,2
153.065956,-27.561044,2
153.148614,-27.471215,2
153.045605,-27.381454,2
153.176547,-27.503961,2
153.034689,-27.419568,2
152.994732,-27.417585,2
153.077193,-27.597399,2
153.0544881,-27.61101963,2
153.031278,-27.46439,2
153.010472,-27.466866,2
152.966303,-27.597037,2
152.95483,-27.525531,2
152.9724435,-27.5016989,2
152.995335,-27.482016,2
153.0522947,-27.44732476,2
153.06369,-27.451993,2
153.064847,-27.311163,2
152.979651,-27.540483,2
153.114113,-27.578979,2
153.022937,-27.483526,2
153.05923,-27.396305,2
153.050859,-27.425051,2
153.093449,-27.621231,2
153.00747,-27.471253,2
153.03979,-27.462234,2
153.039388,-27.448885,2
152.953759,-27.518138,2
153.117244,-27.543008,2
153.032303,-27.387264,2
152.990574,-27.422865,2
153.02903,-27.467439,2
153.0380817,-27.45668015,2
152.983458,-27.629758,2
153.0216577,-27.56036338,2
153.0232443,-27.56467331,2
153.0909579,-27.46879745,2
153.0553019,-27.31950388,2
153.063508,-27.574814,2
153.068258,-27.337439,2
153.0592749,-27.39140324,2
153.078182,-27.613113,2
152.968392,-27.588023,2
153.0663682,-27.47672468,2
153.084419,-27.390935,2
153.0479664,-27.43276188,2
153.0502589,-27.42703241,2
153.006102,-27.43475,2
153.027149,-27.465513,2
153.046765,-27.454216,2
152.962985,-27.605495,2
153.093011,-27.591378,2
153.01673,-27.558534,2
153.064911,-27.589983,2
152.9979175,-27.45911906,2
153.0131666,-27.46792793,2
153.022878,-27.471528,2
152.979476,-27.612025,2
152.953475,-27.633815,2
153.034572,-27.569798,2
152.983243,-27.531007,2
153.066818,-27.560989,2
152.988861,-27.379557,2
153.032762,-27.429105,2
153.03365,-27.412429,2
152.980988,-27.57124,2
152.940407,-27.557478,2
152.987691,-27.458252,2
153.033375,-27.462172,2
152.9484424,-27.594473,2
152.99077,-27.422536,2
153.0446867,-27.63922922,2
153.101106,-27.489989,2
153.034895,-27.456217,2
153.054008,-27.52016,2
153.056449,-27.525283,2
153.0588375,-27.53800439,2
152.8897308,-27.56446807,2
153.071263,-27.463077,2
153.020342,-27.392597,2
153.0659584,-27.56033192,2
153.0596977,-27.40883694,2
152.959463,-27.591924,2
153.02305,-27.52475,2
153.090837,-27.571218,2
153.032917,-27.489412,2
153.051039,-27.333892,2
153.125853,-27.503165,2
153.050872,-27.424569,2
153.0405901,-27.64705846,2
153.0157357,-27.56386851,2
153.093192,-27.495513,2
153.028211,-27.463559,2
152.963356,-27.502525,2
153.0513133,-27.32744376,2
153.002576,-27.52709,2
153.180557,-27.449539,2
153.027076,-27.437526,2
153.03099,-27.439024,2
153.014306,-27.458509,2
153.063607,-27.494239,2
153.035015,-27.458477,2
152.963502,-27.49824,2
153.072728,-27.465332,2
153.059212,-27.472545,2
153.088688,-27.563379,2
153.09709,-27.588478,2
153.033434,-27.480638,2
153.175597,-27.44573,2
153.181705,-27.45013,2
153.057283,-27.369849,2
153.0453556,-27.36046658,2
152.947595,-27.418832,2
153.0560018,-27.49634074,2
153.012783,-27.541493,2
153.04064,-27.557257,2
153.070515,-27.469138,2
153.038229,-27.570392,2
153.12395,-27.546608,2
153.041176,-27.429902,2
153.048138,-27.608701,2
153.046693,-27.502852,2
152.957502,-27.512823,2
153.024768,-27.532875,2
153.1007185,-27.44505138,2
153.018318,-27.474019,2
152.98884,-27.379752,2
153.052863,-27.433536,2
153.067963,-27.434605,2
152.935175,-27.405783,2
153.0249561,-27.57971125,2
153.013307,-27.467844,2
153.032784,-27.45625,2
153.029528,-27.454078,2
153.0561214,-27.525484,2
153.052469,-27.520999,2
153.071993,-27.470576,2
153.1107093,-27.46165515,2
153.15965,-27.475031,2
153.1553568,-27.45389598,2
153.058746,-27.413592,2
153.100882,-27.49898,2
153.027089,-27.465315,2
153.025813,-27.476134,2
153.05012,-27.46475,2
153.0350414,-27.45608211,2
153.054757,-27.47478,2
153.012908,-27.324308,2
153.0457125,-27.39564591,2
153.036585,-27.415316,2
152.980604,-27.566239,2
152.987547,-27.467104,2
153.043219,-27.49828,2
153.039188,-27.461766,2
152.979182,-27.490759,2
152.987763,-27.484903,2
153.013349,-27.318289,2
153.1090338,-27.5608602,2
153.025505,-27.392604,2
153.1797871,-27.51406098,2
152.930719,-27.611974,2
152.941009,-27.547842,2
152.9556956,-27.54140296,2
153.035632,-27.598298,2
153.0549113,-27.60783828,2
152.982856,-27.491723,2
153.050895,-27.476146,2
153.079767,-27.45626,2
153.025476,-27.330602,2
153.000414,-27.553489,2
153.048675,-27.577269,2
153.121924,-27.54024,2
153.083772,-27.596472,2
153.113583,-27.472857,2
152.96133,-27.575994,2
152.940995,-27.547824,2
153.060834,-27.588088,2
153.040796,-27.504027,2
153.000256,-27.593753,2
153.092352,-27.543608,2
153.001106,-27.358993,2
153.092789,-27.430142,2
153.099579,-27.44184,2
153.039698,-27.626921,2
153.040219,-27.462581,2
152.8626884,-27.47507789,2
153.01446,-27.391864,2
153.022307,-27.372732,2
153.031149,-27.392978,2
153.151887,-27.498314,2
153.032407,-27.430622,2
153.058713,-27.59793,2
153.0295981,-27.46159827,2
153.01976,-27.448671,2
153.127474,-27.568518,2
153.184358,-27.472092,2
152.994626,-27.44552,2
153.04704,-27.502903,2
153.041214,-27.436547,2
153.039981,-27.439798,2
153.038781,-27.441725,2
152.978984,-27.598097,2
153.003309,-27.49425,2
153.077273,-27.552563,2
153.019649,-27.480384,2
153.039321,-27.497554,2
153.013742,-27.349486,2
153.085044,-27.432442,2
153.098176,-27.512453,2
153.0143041,-27.45853198,2
153.0246207,-27.4748547,2
153.050681,-27.497338,2
153.042995,-27.470382,2
152.969721,-27.63666,2
152.9930887,-27.48127369,2
153.095432,-27.4741791,2
153.079117,-27.587385,2
153.009419,-27.475695,2
153.011587,-27.39014,2
153.0952368,-27.37639635,2
153.062118,-27.58845099,2
152.991564,-27.44582,2
152.94753,-27.444445,2
153.024707,-27.468663,2
152.909942,-27.495624,2
152.949333,-27.5072024,2
153.013072,-27.323498,2
152.973901,-27.553239,2
152.987627,-27.53311,2
152.982107,-27.536919,2
153.033608,-27.400366,2
153.033597,-27.412436,2
153.026662,-27.631274,2
153.051696,-27.612535,2
153.022326,-27.469213,2
153.0217099,-27.47153938,2
153.031574,-27.554818,2
153.054757,-27.47478,2
153.000476,-27.559609,2
153.066209,-27.561181,2
153.009314,-27.486966,2
153.032939,-27.488761,2
153.010252,-27.345516,2
153.049003,-27.36323631,2
153.061465,-27.374421,2
153.078601,-27.442444,2
153.0033503,-27.475068,2
153.0580756,-27.53339435,2
153.0308121,-27.39349743,2
153.1409603,-27.54494842,2
153.008406,-27.445786,2
153.042425,-27.464281,2
152.983365,-27.491377,2
153.064455,-27.466089,2
153.088059,-27.572745,2
153.176077,-27.442286,2
153.06196,-27.369425,2
152.804516,-27.540031,2
153.054378,-27.611371,2
153.0477936,-27.60834497,2
153.015966,-27.518771,2
153.0227924,-27.4725889,2
153.011822,-27.540314,2
153.0879586,-27.56847736,2
153.039982,-27.638831,2
153.061719,-27.612935,2
153.02578,-27.466576,2
153.0251477,-27.4670564,2
153.011193,-27.468484,2
153.0732775,-27.53131563,2
152.9919,-27.630995,2
152.886755,-27.561961,2
153.066084,-27.572256,2
153.035657,-27.476423,2
153.156978,-27.440295,2
153.044753,-27.358837,2
153.04722,-27.407442,2
153.014854,-27.422355,2
153.053349,-27.619134,2
153.021624,-27.512496,2
153.074823,-27.492634,2
152.983458,-27.629758,2
153.009942,-27.5475512,2
153.1017153,-27.44592426,2
153.03059,-27.309008,2
153.014315,-27.3519396,2
153.0337948,-27.41267177,2
152.974488,-27.410876,2
152.9536101,-27.57424066,2
153.024177,-27.462563,2
152.976495,-27.591835,2
153.022955,-27.563636,2
153.1046195,-27.58301422,2
153.041986,-27.487466,2
153.058364,-27.41596,2
153.010631,-27.43575,2
153.070906,-27.6118,2
153.048144,-27.647541,2
153.0267541,-27.46096622,2
153.01092,-27.603956,2
152.888125,-27.555939,2
153.085281,-27.588276,2
153.108491,-27.57815,2
153.151392,-27.4906,2
153.162858,-27.475355,2
152.96204,-27.555289,2
153.039965,-27.599032,2
153.029159,-27.470615,2
153.0051801,-27.46146739,2
153.009011,-27.462396,2
153.047786,-27.473804,2
153.040254,-27.439708,2
153.0485067,-27.45294331,2
153.0549456,-27.52597519,2
153.062158,-27.4669132,2
153.058996,-27.538761,2
153.09411,-27.495636,2
153.0738092,-27.436273,2
153.031894,-27.433306,2
153.032022,-27.462679,2
152.96319,-27.502382,2
152.96323,-27.505834,2
153.0631775,-27.47199884,2
153.134347,-27.547293,2
153.0426343,-27.4327779,2
153.035867,-27.4144403,2
152.768556,-27.350876,2
152.981339,-27.566098,2
152.9427232,-27.43249733,2
153.108424,-27.519067,2
153.006999,-27.462026,2
153.006081,-27.493858,2
153.021271,-27.558442,2
153.0035648,-27.31648251,2
152.9812786,-27.56596567,2
153.030994,-27.48299847,2
153.1174034,-27.47347129,2
153.046172,-27.351202,2
153.0080022,-27.35477491,2
153.022858,-27.379517,2
153.051781,-27.361468,2
153.0235596,-27.37382693,2
153.051297,-27.611188,2
152.948747,-27.572811,2
153.033785,-27.508074,2
153.024304,-27.471731,2
153.015259,-27.466811,2
153.0266932,-27.47762102,2
153.038283,-27.447811,2
153.064497,-27.533877,2
152.970299,-27.601368,2
153.016321,-27.557835,2
153.011308,-27.409766,2
153.016597,-27.391476,2
153.03925,-27.374804,2
152.930655,-27.611647,2
153.056441,-27.611639,2
153.03468,-27.618512,2
153.0282191,-27.47399802,2
153.0251335,-27.46706477,2
153.010857,-27.464859,2
152.957587,-27.582259,2
152.976079,-27.629203,2
152.995052,-27.329722,2
153.0659729,-27.38999689,2
152.946563,-27.414001,2
153.0493315,-27.64769075,2
153.02978,-27.518344,2
153.025646,-27.504202,2
152.998493,-27.43905,2
153.089693,-27.495463,2
152.965165,-27.494627,2
152.9787939,-27.56234743,2
153.078838,-27.560572,2
153.079311,-27.613875,2
153.0514407,-27.61163344,2
152.984388,-27.459151,2
153.051777,-27.507752,2
153.047351,-27.45358,2
153.103439,-27.57734,2
153.021908,-27.384564,2
153.07035,-27.437595,2
153.0014455,-27.43749154,2
152.993608,-27.592967,2
152.944993,-27.62322,2
153.024256,-27.304982,2
153.045476,-27.571477,2
153.059474,-27.342759,2
153.0401239,-27.35031652,2
152.986385,-27.383857,2
153.0588758,-27.41289701,2
153.0341231,-27.42098414,2
152.9276713,-27.58705123,2
153.03619,-27.595851,2
153.056141,-27.526876,2
152.948985,-27.623852,2
153.042669,-27.528601,2
153.090757,-27.58965,2
153.0664199,-27.55894232,2
153.1727934,-27.45540607,2
153.002759,-27.420584,2
153.045599,-27.635787,2
153.009035,-27.403536,2
153.083383,-27.565932,2
153.106147,-27.586083,2
153.042485,-27.432953,2
153.0068553,-27.44083758,2
152.996677,-27.445604,2
153.078698,-27.493014,2
153.098373,-27.485252,2
153.0254573,-27.46984774,2
153.051108,-27.499,2
153.031794,-27.458055,2
153.0652478,-27.52239148,2
152.964985,-27.479125,2
153.063385,-27.461165,2
153.095992,-27.469592,2
153.096411,-27.469602,2
153.079292,-27.560898,2
153.100875,-27.584852,2
153.110743,-27.557766,2
152.999938,-27.489606,2
153.140308,-27.478435,2
153.032869,-27.355689,2
152.9978288,-27.38077867,2
153.030517,-27.441939,2
153.031124,-27.437179,2
153.058627,-27.414353,2
152.958319,-27.57234368,2
153.108966,-27.501415,2
153.014884,-27.459927,2
153.0093864,-27.45664843,2
153.029538,-27.446577,2
153.036169,-27.458634,2
153.065098,-27.311738,2
153.040172,-27.560111,2
153.100766,-27.584831,2
153.172976,-27.467737,2
153.1812275,-27.51526718,2
153.131479,-27.504899,2
153.125399,-27.508599,2
152.915954,-27.410025,2
153.0203431,-27.5586228,2
153.0280896,-27.47925818,2
153.035196,-27.455913,2
153.023729,-27.482691,2
153.0521215,-27.41713788,2
153.052159,-27.416962,2
152.980225,-27.416441,2
153.0434247,-27.60468027,2
153.011059,-27.450866,2
153.001772,-27.46983,2
153.098089,-27.544432,2
153.106722,-27.534438,2
153.072235,-27.428449,2
153.061941,-27.582732,2
153.0271955,-27.47214966,2
152.97571,-27.597609,2
153.078942,-27.466266,2
153.076536,-27.43139177,2
153.022803,-27.436921,2
153.09673,-27.4046568,2
152.948147,-27.558127,2
152.949134,-27.575419,2
153.0276098,-27.470523,2
153.055045,-27.488184,2
152.994073,-27.498173,2
153.076501,-27.467035,2
153.030737,-27.318639,2
153.0617481,-27.54424766,2
153.11664,-27.468509,2
152.968095,-27.410315,2
153.0309099,-27.62232336,2
153.054378,-27.6109707,2
153.041128,-27.456313,2
153.028069,-27.55038,2
152.991704,-27.444788,2
153.010938,-27.464648,2
153.027349,-27.464417,2
153.0228829,-27.47270144,2
153.064925,-27.48139,2
153.106292,-27.577651,2
153.016247,-27.472763,2
153.009791,-27.390916,2
153.03318,-27.420288,2
153.055509,-27.397314,2
153.006973,-27.436922,2
153.013045,-27.577916,2
153.014349,-27.535961,2
153.054537,-27.578134,2
153.088016,-27.590631,2
153.050126,-27.487111,2
153.0288913,-27.48743188,2
153.033473,-27.492024,2
153.03356,-27.376818,2
153.011392,-27.391236,2
153.048702,-27.623294,2
153.022926,-27.47275,2
153.081577,-27.538589,2
153.045827,-27.531977,2
153.047003,-27.516517,2
153.008144,-27.317161,2
153.06351,-27.5461,2
153.0214793,-27.35679961,2
153.05927,-27.340555,2
153.059303,-27.337312,2
153.034046,-27.412831,2
153.047819,-27.647488,2
153.0488059,-27.62330333,2
153.0249783,-27.47128883,2
153.023191,-27.472792,2
152.975124,-27.628841,2
153.073329,-27.454861,2
153.090183,-27.571131,2
153.151935,-27.475908,2
152.828211,-27.545689,2
153.0313858,-27.43601514,2
153.005125,-27.431472,2
152.9550338,-27.624834,2
153.1654029,-27.48221727,2
152.994166,-27.354831,2
153.0621363,-27.58177114,2
153.0365,-27.596172,2
153.030938,-27.459066,2
152.945164,-27.628101,2
152.980407,-27.492658,2
153.109255,-27.546096,2
153.0987076,-27.58635044,2
153.013527,-27.476622,2
153.044034,-27.479361,2
153.059169,-27.338601,2
152.96133,-27.575994,2
152.960046,-27.572104,2
153.057264,-27.585963,2
153.062002,-27.582333,2
153.033513,-27.514269,2
153.0252347,-27.4710619,2
153.04264,-27.445318,2
152.987763,-27.484903,2
153.043491,-27.331101,2
152.972592,-27.553379,2
153.081624,-27.564631,2
153.114705,-27.551241,2
153.03693,-27.497821,2
153.029278,-27.483532,2
153.138338,-27.573937,2
153.002088,-27.460038,2
153.0158466,-27.4650813,2
152.942357,-27.507315,2
153.059961,-27.464368,2
153.060966,-27.472656,2
153.018292,-27.295043,2
153.0875953,-27.57572324,2
153.055092,-27.574512,2
153.092128,-27.575913,2
153.028035,-27.488848,2
153.165355,-27.481888,2
153.178949,-27.513373,2
153.040425,-27.40054,2
153.0686,-27.59879,2
153.09281,-27.504175,2
153.061142,-27.497554,2
152.956089,-27.619695,2
153.080952,-27.560094,2
153.1102405,-27.55869126,2
152.96266,-27.411663,2
153.0392919,-27.50429955,2
153.002657,-27.558839,2
153.10004,-27.57582,2
153.034638,-27.494586,2
153.147324,-27.45485,2
152.755253,-27.53435,2
153.0511628,-27.42289534,2
152.9408871,-27.54753341,2
153.097887,-27.484192,2
153.078557,-27.486872,2
153.0153416,-27.46767969,2
153.043461,-27.453466,2
152.953899,-27.480694,2
153.02277,-27.484426,2
152.80475,-27.503968,2
153.067919,-27.395772,2
153.094092,-27.379277,2
152.963141,-27.4118471,2
153.0194457,-27.4695324,2
153.0797009,-27.5214715,2
153.013786,-27.537885,2
153.026563,-27.396358,2
153.1293253,-27.47514822,2
152.985863,-27.360526,2
153.032464,-27.458711,2
153.031672,-27.459621,2
153.02085,-27.456852,2
152.989624,-27.488372,2
152.979845,-27.477898,2
153.029377,-27.415894,2
153.068153,-27.570816,2
153.0434179,-27.48568829,2
153.062405,-27.41651,2
153.029395,-27.518288,2
152.995709,-27.593051,2
152.996598,-27.593203,2
153.055324,-27.474436,2
153.019096,-27.291251,2
153.0627931,-27.5789925,2
153.106681,-27.574583,2
153.035745,-27.479267,2
153.077174,-27.412397,2
153.009208,-27.433151,2
153.095956,-27.482197,2
152.949328,-27.507168,2
153.179822,-27.514084,2
153.077814,-27.369251,2
153.0479118,-27.44122527,2
153.027054,-27.472156,2
152.975888,-27.501971,2
152.9549902,-27.51588138,2
153.062867,-27.28558067,2
152.946453,-27.5327923,2
153.026398,-27.521261,2
153.029491,-27.518148,2
153.02281,-27.468929,2
153.028427,-27.469865,2
153.025708,-27.462474,2
153.039081,-27.505562,2
153.060605,-27.482188,2
153.061548,-27.480834,2
153.0719498,-27.55606393,2
153.041866,-27.479008,2
153.110037,-27.472013,2
153.171152,-27.450302,2
153.04201,-27.45839,2
153.0757365,-27.54458424,2
153.007764,-27.409218,2
153.032362,-27.406876,2
153.015555,-27.481487,2
153.035101,-27.48061305,2
153.01906,-27.487669,2
153.116101,-27.473562,2
153.01278,-27.346332,2
153.01593,-27.366389,2
153.028287,-27.39303,2
153.185345,-27.519113,2
152.9830029,-27.41887289,2
153.03652,-27.660051,2
153.0405371,-27.45272195,2
153.047966,-27.573498,2
153.035968,-27.486534,2
153.095706,-27.373554,2
153.09128,-27.48861,2
153.037542,-27.447534,2
153.056275,-27.515263,2
153.1109,-27.452191,2
152.998645,-27.395613,2
153.089109,-27.60374,2
153.049032,-27.558535,2
153.048073,-27.440932,2
152.983673,-27.402295,2
152.959706,-27.57223,2
152.959706,-27.57223,2
153.024818,-27.572937,2
152.959718,-27.599147,2
152.9946016,-27.62182456,2
152.979758,-27.549956,2
152.979784,-27.566068,2
153.050088,-27.56203,2
153.087607,-27.57521,2
153.0352466,-27.39679579,2
153.063184,-27.380996,2
153.103077,-27.504286,2
152.999447,-27.463635,2
153.0232783,-27.45824745,2
153.024962,-27.456412,2
153.0201655,-27.47009399,2
153.054457,-27.487269,2
153.097126,-27.518348,2
152.980729,-27.501388,2
152.989156,-27.478548,2
153.0643839,-27.46591394,2
153.0108552,-27.3344672,2
153.104404,-27.583181,2
153.126453,-27.497573,2
153.1198865,-27.38450846,2
153.006283,-27.435896,2
153.0082124,-27.43651946,2
153.079311,-27.613875,2
152.945866,-27.534105,2
153.067007,-27.597582,2
153.025714,-27.579826,2
153.026035,-27.47436,2
153.0009265,-27.450829,2
153.049903,-27.495644,2
153.040156,-27.501828,2
153.011353,-27.642933,2
153.040348,-27.558825,2
153.098582,-27.457256,2
153.109707,-27.457452,2
153.047861,-27.311533,2
153.069956,-27.572712,2
153.0274074,-27.49237301,2
153.05638,-27.369218,2
153.041577,-27.341079,2
153.036585,-27.415316,2
153.0744862,-27.40584554,2
152.984585,-27.386066,2
153.043631,-27.64189045,2
152.959081,-27.570001,2
153.113872,-27.493145,2
153.026932,-27.445558,2
153.03427,-27.459217,2
153.03292,-27.4583474,2
153.065918,-27.55027,2
153.0480592,-27.47807793,2
153.013548,-27.349498,2
153.059251,-27.395278,2
152.987049,-27.397607,2
153.040889,-27.650358,2
153.010309,-27.462989,2
153.011079,-27.449164,2
153.031636,-27.455987,2
153.032822,-27.460654,2
153.036922,-27.459981,2
153.031636,-27.455987,2
153.100242,-27.538751,2
153.056079,-27.525689,2
153.0133754,-27.41006823,2
153.015706,-27.417495,2
153.030643,-27.465454,2
153.023139,-27.563995,2
152.980114,-27.522667,2
152.9689655,-27.44840757,2
153.1094813,-27.5013895,2
153.07075,-27.529925,2
153.097298,-27.570767,2
153.035536,-27.484458,2
153.154052,-27.455732,2
153.117311,-27.444075,2
153.16096,-27.475132,2
152.987923,-27.469361,2
153.1159038,-27.50211068,2
153.029368,-27.467787,2
153.110621,-27.461596,2
153.0117634,-27.40874615,2
153.00084,-27.391658,2
153.080234,-27.553034,2
153.031098,-27.485217,2
153.033138,-27.366268,2
153.016078,-27.365597,2
153.070763,-27.437463,2
153.039782,-27.612815,2
152.999614,-27.447856,2
152.946141,-27.427823,2
153.040641,-27.504737,2
153.049616,-27.521532,2
153.072933,-27.530882,2
153.046529,-27.518225,2
153.094344,-27.59156,2
153.027407,-27.484271,2
153.018244,-27.36402,2
153.185105,-27.51909,2
152.990869,-27.407269,2
153.04175,-27.646963,2
153.07075,-27.529925,2
153.029953,-27.5583,2
153.059162,-27.482827,2
153.104584,-27.451775,2
153.021995,-27.40256,2
153.111423,-27.546573,2
153.030522,-27.384531,2
153.034339,-27.386757,2
153.0347731,-27.38614732,2
153.068465,-27.411486,2
152.991763,-27.417145,2
153.060137,-27.590876,2
153.065967,-27.523094,2
153.055758,-27.5256207,2
152.979771,-27.530856,2
152.979082,-27.553529,2
153.0112134,-27.53682019,2
152.998331,-27.424338,2
153.048138,-27.608701,2
153.0539352,-27.61133245,2
153.0465685,-27.48037367,2
153.018039,-27.379912,2
153.043089,-27.355443,2
153.039879,-27.350281,2
153.038744,-27.367106,2
153.030883,-27.3855101,2
153.014854,-27.422355,2
152.928965,-27.611389,2
153.078182,-27.613113,2
153.028211,-27.463559,2
153.039711,-27.504215,2
152.99082,-27.50215,2
153.0434494,-27.31276649,2
153.011308,-27.409766,2
153.012122,-27.386667,2
153.0686949,-27.39171866,2
152.800084,-27.400318,2
152.983126,-27.567967,2
153.06354,-27.587741,2
153.035915,-27.507536,2
153.0219039,-27.47159475,2
152.971901,-27.591415,2
152.968916,-27.596544,2
152.977664,-27.4997984,2
153.0209323,-27.55812445,2
153.099699,-27.469955,2
153.02134,-27.303733,2
153.037888,-27.394415,2
153.0317823,-27.39355679,2
153.0304113,-27.44143407,2
152.940912,-27.542418,2
153.035748,-27.481068,2
153.04106,-27.430572,2
152.925141,-27.588615,2
153.015638,-27.457629,2
153.053941,-27.519904,2
152.9473147,-27.51113757,2
152.919586,-27.496901,2
153.1808522,-27.52466765,2
153.032064,-27.404824,2
153.036167,-27.622629,2
152.954737,-27.5658,2
153.0118461,-27.45827538,2
153.043519,-27.447009,2
153.03574,-27.459051,2
152.938932,-27.493961,2
153.014689,-27.417346,2
153.019373,-27.398075,2
153.064597,-27.572087,2
152.984848,-27.392179,2
153.03574,-27.459051,2
152.998883,-27.477827,2
153.0084303,-27.33258166,2
153.066724,-27.572229,2
153.060678,-27.56012,2
153.044511,-27.336811,2
153.010862,-27.341028,2
153.163937,-27.5088395,2
152.981742,-27.417193,2
153.0618225,-27.58421983,2
153.020181,-27.506643,2
153.029395,-27.518288,2
153.021624,-27.512496,2
153.0356152,-27.46316733,2
152.963514,-27.502785,2
153.114229,-27.552174,2
153.051215,-27.611034,2
153.049892,-27.620465,2
153.028211,-27.463559,2
153.035239,-27.460501,2
153.144508,-27.44097233,2
152.99047,-27.423949,2
153.098343,-27.489585,2
153.026741,-27.471181,2
153.058813,-27.648972,2
153.0118949,-27.56146304,2
153.07515,-27.518076,2
153.056996,-27.529437,2
153.06531,-27.399676,2
152.949018,-27.42569,2
153.011664,-27.460876,2
153.0107983,-27.49448178,2
153.024231,-27.523647,2
153.0656216,-27.54977887,2
153.041305,-27.479475,2
153.055789,-27.372481,2
153.178852,-27.510889,2
153.040828,-27.432025,2
153.035853,-27.418053,2
153.060935,-27.617366,2
152.9440081,-27.56963688,2
153.033865,-27.512846,2
153.015966,-27.454251,2
153.034463,-27.454513,2
153.04057,-27.440779,2
152.9439436,-27.51904934,2
152.975733,-27.49783,2
153.044747,-27.30719,2
153.0322608,-27.4090189,2
153.094991,-27.552855,2
153.047966,-27.573498,2
153.03144,-27.391464,2
153.012314,-27.345177,2
153.051215,-27.611034,2
153.014734,-27.521744,2
153.056768,-27.496033,2
153.050001,-27.536313,2
152.984678,-27.478245,2
153.059353,-27.472566,2
153.060346,-27.46236,2
153.058929,-27.47282643,2
153.068698,-27.472976,2
153.039345,-27.353257,2
153.019894,-27.370859,2
153.042638,-27.42185,2
153.0871586,-27.43201858,2
153.063474,-27.603497,2
152.9692638,-27.44829671,2
153.005443,-27.472843,2
153.0022643,-27.49457411,2
152.98218,-27.527731,2
153.028598,-27.499936,2
153.035657,-27.476423,2
153.1564081,-27.46214929,2
153.140512,-27.477324,2
152.964836,-27.506975,2
153.028325,-27.488407,2
153.173212,-27.475798,2
152.9654768,-27.40352195,2
153.044911,-27.59315,2
153.095919,-27.469527,2
153.151887,-27.498314,2
153.0629179,-27.43966602,2
153.08825,-27.431495,2
153.00706,-27.439491,2
152.928802,-27.59655,2
153.078827,-27.610888,2
153.035405,-27.49949,2
153.064508,-27.438077,2
153.064299,-27.439294,2
153.058713,-27.59793,2
153.030354,-27.461726,2
153.04308,-27.498165,2
153.09449,-27.531656,2
153.018312,-27.58463,2
153.029159,-27.470615,2
153.0271585,-27.46550669,2
153.007295,-27.467925,2
153.0383872,-27.44443011,2
152.9761632,-27.47918207,2
153.039526,-27.563231,2
153.070043,-27.4749,2
153.064837,-27.454478,2
152.980114,-27.522667,2
153.0290106,-27.41217102,2
153.035824,-27.482157,2
153.145704,-27.508829,2
153.070002,-27.394276,2
153.058927,-27.41259,2
152.952907,-27.414829,2
152.989487,-27.447398,2
153.0858713,-27.45722787,2
153.035299,-27.498276,2
153.165355,-27.481888,2
153.030098,-27.362487,2
153.059932,-27.401894,2
153.087214,-27.368587,2
153.0324258,-27.42726104,2
152.987049,-27.397607,2
152.986312,-27.402654,2
152.999436,-27.419771,2
153.058101,-27.632569,2
153.041936,-27.629731,2
153.054558,-27.609528,2
153.024939,-27.572946,2
153.013489,-27.539334,2
152.979886,-27.549203,2
153.141072,-27.475794,2
152.948864,-27.414539,2
152.901905,-27.562395,2
153.037834,-27.453423,2
152.985736,-27.639921,2
152.96332,-27.5025284,2
153.0736809,-27.4668529,2
153.028458,-27.499765,2
152.974805,-27.409358,2
152.990971,-27.407301,2
153.03619,-27.595851,2
153.041134,-27.554385,2
153.031444,-27.401852,2
153.068243,-27.553895,2
153.015555,-27.481487,2
153.044947,-27.479473,2
153.0828761,-27.37154043,2
152.9683273,-27.41046333,2
153.02164,-27.471338,2
153.1278111,-27.4913681,2
153.01597,-27.355194,2
153.0318206,-27.40361282,2
152.9996337,-27.42213621,2
153.074877,-27.651438,2
153.06324,-27.604788,2
153.024939,-27.572946,2
153.0374041,-27.46036075,2
153.074819,-27.533359,2
153.094399,-27.532618,2
153.088709,-27.468437,2
153.008716,-27.330948,2
153.007231,-27.557276,2
153.0026268,-27.5590612,2
153.0598024,-27.3447476,2
153.034573,-27.419881,2
152.9581021,-27.56193759,2
153.027108,-27.471554,2
152.9859348,-27.45693637,2
153.04289,-27.459097,2
152.955657,-27.517899,2
153.030091,-27.544764,2
153.095984,-27.471173,2
153.0643726,-27.31234121,2
153.063107,-27.576239,2
153.0480519,-27.57348591,2
153.025985,-27.482905,2
153.165355,-27.481888,2
153.037273,-27.34984,2
153.031594,-27.399197,2
153.051039,-27.333892,2
153.0767842,-27.41706811,2
153.002243,-27.42711,2
153.060184,-27.590835,2
153.093782,-27.488961,2
153.0253921,-27.46816729,2
153.013208,-27.464947,2
153.031289,-27.39805,2
153.044431,-27.387904,2
152.984257,-27.570741,2
153.02253,-27.536493,2
153.078652,-27.562888,2
153.016247,-27.472763,2
153.013216,-27.380808,2
153.051434,-27.611291,2
153.046789,-27.594147,2
153.024169,-27.568304,2
152.945826,-27.443626,2
153.020371,-27.356691,2
153.042615,-27.432707,2
153.057264,-27.585963,2
153.043992,-27.520614,2
153.101129,-27.490049,2
153.03574,-27.459051,2
153.055294,-27.525777,2
153.046482,-27.51621,2
152.9680613,-27.4741809,2
153.012438,-27.481038,2
153.022489,-27.38485,2
153.054323,-27.343009,2
153.062671,-27.406677,2
153.049836,-27.60127,2
153.057628,-27.47317,2
153.055671,-27.2895426,2
153.0436399,-27.53633876,2
153.0353425,-27.49060815,2
153.008632,-27.336017,2
153.052181,-27.361505,2
152.994544,-27.355054,2
153.01673,-27.558534,2
152.990363,-27.442198,2
153.058994,-27.523679,2
152.9990102,-27.47124493,2
153.065503,-27.568899,2
153.035989,-27.470843,2
153.039978,-27.490669,2
153.01142,-27.3422932,2
152.9903353,-27.43790422,2
152.98715,-27.596444,2
153.013635,-27.539245,2
153.0905834,-27.60057116,2
153.035883,-27.482826,2
153.0667199,-27.4376753,2
153.043107,-27.432954,2
152.926117,-27.589352,2
152.968435,-27.448648,2
153.119752,-27.49403,2
153.077625,-27.491666,2
153.061397,-27.505386,2
153.031613,-27.456236,2
153.033352,-27.454241,2
153.098482,-27.470001,2
153.1591473,-27.47519869,2
153.178807,-27.444003,2
153.037047,-27.365901,2
153.059327,-27.390303,2
153.007012,-27.441288,2
153.096272,-27.469435,2
153.111246,-27.462337,2
152.981016,-27.524928,2
153.034818,-27.488427,2
153.030881,-27.439721,2
153.029591,-27.445904,2
152.980907,-27.491782,2
153.076919,-27.560042,2
153.048867,-27.477172,2
153.034542,-27.478412,2
153.149991,-27.487348,2
153.015347,-27.369217,2
152.964977,-27.614673,2
153.031986,-27.42678309,2
152.9869003,-27.40172417,2
153.029767,-27.59183528,2
153.018479,-27.468229,2
153.032553,-27.447267,2
152.959747,-27.633192,2
152.960464,-27.59416,2
152.886412,-27.489028,2
153.003869,-27.331211,2
153.017203,-27.300085,2
153.019214,-27.3642706,2
153.03891,-27.51413,2
153.03137,-27.463524,2
153.022071,-27.469437,2
153.056554,-27.49350281,2
153.029038,-27.449699,2
152.957515,-27.512811,2
153.03077,-27.558455,2
153.073702,-27.466791,2
153.008018,-27.555809,2
153.077658,-27.561061,2
153.092055,-27.575544,2
153.044471,-27.360373,2
153.048536,-27.365599,2
153.016999,-27.436092,2
153.0486041,-27.39826324,2
152.986937,-27.396977,2
153.034556,-27.618484,2
153.041102,-27.646475,2
152.935339,-27.551587,2
153.101106,-27.489989,2
153.099686,-27.505196,2
153.0347428,-27.46005869,2
152.950845,-27.593652,2
152.990397,-27.497648,2
153.063565,-27.57377,2
153.1058681,-27.58539855,2
153.040625,-27.491628,2
153.0214666,-27.43673125,2
153.041803,-27.646793,2
152.952143,-27.574724,2
152.942883,-27.566759,2
153.016805,-27.557991,2
153.026664,-27.471117,2
153.0152338,-27.46691949,2
153.004448,-27.316578,2
153.126989,-27.448549,2
153.1170834,-27.50233251,2
152.920803,-27.496991,2
152.888125,-27.555939,2
152.999491,-27.420079,2
153.015879,-27.476036,2
153.14067,-27.475798,2
153.0368669,-27.36657513,2
153.033684,-27.4291711,2
152.928616,-27.444149,2
153.037692,-27.455721,2
153.072761,-27.515036,2
153.0585151,-27.31384456,2
153.011669,-27.534461,2
153.035284,-27.399738,2
153.051313,-27.39664,2
153.020785,-27.470551,2
153.031194,-27.447232,2
153.052311,-27.475635,2
153.066429,-27.307222,2
153.064536,-27.571903,2
153.019979,-27.491531,2
153.035214,-27.616729,2
153.058391,-27.631021,2
153.04473,-27.638464,2
153.042586,-27.643635,2
152.958277,-27.572535,2
153.060699,-27.587857,2
153.044597,-27.595069,2
153.026433,-27.455154,2
153.045973,-27.467373,2
153.018301,-27.457273,2
153.0626233,-27.53486354,2
152.981439,-27.540718,2
153.035192,-27.500941,2
153.026404,-27.483024,2
153.041176,-27.429902,2
153.059165,-27.398527,2
152.922706,-27.556553,2
152.9946555,-27.44556066,2
153.0507295,-27.46393631,2
153.035773,-27.451745,2
153.090272,-27.527201,2
152.966045,-27.633024,2
153.00439,-27.594366,2
153.0089768,-27.59643758,2
153.0114818,-27.54368491,2
153.0638834,-27.57252973,2
153.017247,-27.363882,2
153.042058,-27.42486,2
153.070159,-27.422829,2
152.984579,-27.386028,2
152.990021,-27.426094,2
153.067192,-27.650498,2
153.056103,-27.319567,2
153.0270607,-27.32116008,2
153.081891,-27.558027,2
153.0199885,-27.49152469,2
153.182059,-27.459095,2
153.019658,-27.392408,2
153.032144,-27.378354,2
153.06069,-27.353362,2
153.027076,-27.437526,2
152.9570927,-27.41428089,2
153.015273,-27.4673,2
153.035802,-27.4475,2
153.0395708,-27.44898086,2
153.081528,-27.541953,2
152.9836327,-27.53254202,2
153.031714,-27.403915,2
153.120661,-27.535912,2
153.0374967,-27.49719833,2
153.117676,-27.4443974,2
152.9494195,-27.57534233,2
153.0215876,-27.5124949,2
153.021365,-27.384944,2
153.0320485,-27.42978449,2
153.059973,-27.407424,2
152.9344605,-27.60443219,2
153.0462717,-27.58609744,2
153.00411,-27.4696247,2
153.007552,-27.410146,2
153.049166,-27.558416,2
153.035429,-27.499985,2
153.124789,-27.525224,2
152.970788,-27.411686,2
152.974265,-27.448067,2
152.982699,-27.62967,2
152.9385558,-27.50835386,2
153.0369223,-27.31095249,2
153.059834,-27.343788,2
153.064044,-27.60029,2
153.019608,-27.558428,2
153.0313595,-27.5139646,2
152.9880005,-27.46822654,2
152.991919,-27.465491,2
153.029368,-27.467787,2
153.008219,-27.445365,2
152.988516,-27.460615,2
153.038533,-27.454904,2
153.029072,-27.452607,2
152.9648,-27.506784,2
152.97559,-27.502843,2
152.966398,-27.500607,2
153.0278665,-27.54453836,2
153.02097,-27.558464,2
153.032257,-27.408829,2
153.037021,-27.497288,2
153.068434,-27.41852,2
153.080252,-27.41704,2
153.051297,-27.611188,2
153.05001,-27.62401,2
153.014744,-27.5220132,2
153.004756,-27.46246,2
153.042039,-27.455245,2
153.063627,-27.46997,2
153.1280852,-27.47462502,2
153.036559,-27.401916,2
153.096561,-27.372024,2
153.056794,-27.640152,2
152.9865492,-27.4701499,2
153.006965,-27.454962,2
153.040169,-27.453217,2
153.0510935,-27.51932287,2
152.961328,-27.594119,2
153.012,-27.314484,2
153.019091,-27.480745,2
153.036159,-27.494086,2
153.016872,-27.3568,2
152.990025,-27.387888,2
152.978294,-27.44822,2
153.005027,-27.471809,2
153.0653527,-27.51131117,2
153.0391459,-27.45207106,2
153.0548574,-27.52532842,2
152.95397,-27.633968,2
152.979158,-27.56629,2
153.013603,-27.47658,2
153.116439,-27.473709,2
153.017534,-27.363965,2
153.0212761,-27.38818156,2
153.045989,-27.395672,2
153.002189,-27.427063,2
153.0599674,-27.59300524,2
152.989088,-27.45011,2
153.113432,-27.501959,2
153.022071,-27.469437,2
153.040705,-27.504346,2
153.029354,-27.453715,2
153.101126,-27.445778,2
153.0031984,-27.4833391,2
153.166443,-27.434965,2
153.070981,-27.337903,2
153.0716854,-27.43189156,2
153.047661,-27.441415,2
152.978734,-27.403872,2
152.939794,-27.546895,2
153.063494,-27.470583,2
152.9387983,-27.44206757,2
153.01756,-27.466244,2
153.07044,-27.572805,2
153.075714,-27.561511,2
153.041157,-27.4800608,2
153.0005022,-27.65516098,2
153.082928,-27.433297,2
152.990687,-27.422433,2
152.9860872,-27.39511209,2
153.077745,-27.500536,2
153.010991,-27.448866,2
152.986096,-27.47865,2
152.9553014,-27.51685107,2
153.040042,-27.558853,2
153.0488149,-27.31724267,2
153.051526,-27.325785,2
153.062206,-27.370592,2
153.040715,-27.432425,2
152.924586,-27.588351,2
152.940862,-27.547165,2
152.959871,-27.571741,2
153.0142907,-27.46411394,2
152.979299,-27.629288,2
152.959463,-27.591924,2
152.997561,-27.480972,2
152.977912,-27.524467,2
153.0182858,-27.36921861,2
153.077172,-27.347217,2
153.007028,-27.656349,2
153.140905,-27.488965,2
152.98033,-27.397341,2
153.0049528,-27.42981376,2
152.941005,-27.547787,2
153.008023,-27.581107,2
153.107511,-27.545847,2
153.055102,-27.476886,2
153.091596,-27.574723,2
153.035867,-27.468773,2
153.151357,-27.55641,2
152.946797,-27.531376,2
152.98855,-27.459348,2
153.01934,-27.457295,2
153.004905,-27.3172387,2
153.037197,-27.475495,2
153.031035,-27.393452,2
153.022851,-27.563657,2
153.0386307,-27.50893016,2
153.004436,-27.470452,2
153.008391,-27.3309689,2
153.048313,-27.571592,2
153.035968,-27.486534,2
153.115019,-27.473259,2
153.149538,-27.475558,2
153.005333,-27.346163,2
152.992428,-27.388188,2
153.158831,-27.526292,2
153.031027,-27.437609,2
153.018831,-27.459941,2
153.011111,-27.392979,2
153.143063,-27.44799,2
153.012688,-27.345834,2
152.990254,-27.425378,2
153.021624,-27.512496,2
153.025038,-27.456292,2
153.0298306,-27.44534548,2
153.002862,-27.640566,2
152.88662,-27.523109,2
153.011889,-27.5442006,2
153.165355,-27.481888,2
153.017107,-27.363423,2
153.010217,-27.338258,2
152.865301,-27.41992,2
153.00566,-27.472784,2
152.999506,-27.478333,2
153.047253,-27.372487,2
153.059338,-27.396302,2
153.045989,-27.395672,2
152.940178,-27.558292,2
153.033513,-27.514269,2
153.004038,-27.453049,2
153.053952,-27.497398,2
153.029371,-27.453791,2
152.95875,-27.485085,2
153.118363,-27.54506164,2
153.0586968,-27.4017503,2
153.0181949,-27.59544568,2
153.030177,-27.465115,2
152.99389,-27.489759,2
152.9648009,-27.51867228,2
152.9794266,-27.49556708,2
153.0179034,-27.53072891,2
153.0198225,-27.48462787,2
153.024604,-27.482609,2
153.033699,-27.488263,2
153.073221,-27.422262,2
153.0746,-27.410996,2
152.998641,-27.424442,2
153.0640637,-27.61130073,2
153.020481,-27.642989,2
153.024041,-27.469212,2
153.041862,-27.449898,2
153.040287,-27.442558,2
153.028666,-27.455414,2
153.055241,-27.525961,2
153.110262,-27.592338,2
153.020649,-27.477382,2
153.173401,-27.465096,2
152.994166,-27.354831,2
153.1257256,-27.51351462,2
153.035128,-27.404123,2
153.0569445,-27.63952169,2
153.017791,-27.515936,2
152.8975692,-27.43177034,2
153.015281,-27.466766,2
152.950601,-27.612642,2
153.045812,-27.479557,2
153.039738,-27.350934,2
153.145917,-27.544152,2
153.030881,-27.439721,2
153.051458,-27.611272,2
152.93537,-27.559898,2
152.943449,-27.54866,2
152.9913,-27.50212,2
153.0095,-27.409433,2
153.116334,-27.545244,2
153.04017,-27.485183,2
153.129441,-27.47496,2
153.0641905,-27.41845323,2
153.053369,-27.59165,2
153.104891,-27.511583,2
153.039288,-27.452016,2
153.061587,-27.374408,2
153.053411,-27.385447,2
153.100204,-27.443726,2
152.9626339,-27.41120564,2
153.090019,-27.486806,2
153.0231747,-27.46725261,2
153.04662,-27.505341,2
153.0420757,-27.4640104,2
152.998229,-27.471828,2
153.090814,-27.457976,2
153.063538,-27.462118,2
153.0127343,-27.3249282,2
153.09187,-27.599796,2
153.122077,-27.4746943,2
153.1576963,-27.44283311,2
152.98708,-27.402755,2
153.124246,-27.502704,2
153.027149,-27.465513,2
153.039895,-27.501792,2
152.971719,-27.606772,2
152.94816,-27.494461,2
153.11767,-27.544964,2
153.03323,-27.4810554,2
152.936574,-27.530032,2
153.027941,-27.47965,2
153.041125,-27.501964,2
153.049198,-27.464035,2
152.996737,-27.59322,2
152.966554,-27.500629,2
153.061134,-27.45646,2
153.104667,-27.465281,2
153.001839,-27.537226,2
152.997271,-27.535488,2
153.065956,-27.561044,2
153.000598,-27.487535,2
153.140682,-27.466501,2
153.141652,-27.475663,2
153.1551,-27.469202,2
153.134376,-27.470413,2
153.01279,-27.346216,2
153.03468,-27.618512,2
153.0203,-27.5586,2
153.0108749,-27.46323099,2
153.012057,-27.454072,2
153.031036,-27.447794,2
152.987874,-27.598919,2
153.063577,-27.470407,2
152.975817,-27.52175,2
153.0917292,-27.57508913,2
153.038387,-27.49699,2
153.074304,-27.393508,2
153.036636,-27.415522,2
153.051387,-27.612515,2
153.031414,-27.512444,2
153.030855,-27.513882,2
152.990221,-27.441806,2
153.004939,-27.45442,2
153.026243,-27.462234,2
153.036235,-27.457239,2
152.975237,-27.497491,2
153.063553,-27.471715,2
153.18247,-27.516206,2
153.181322,-27.515321,2
153.036636,-27.415522,2
153.043975,-27.504891,2
153.097186,-27.517896,2
153.034426,-27.494778,2
153.036055,-27.488156,2
153.023181,-27.373594,2
153.077134,-27.417957,2
153.099016,-27.507837,2
153.024482,-27.468866,2
153.093945,-27.531787,2
153.081544,-27.543355,2
153.026076,-27.565922,2
153.051088,-27.577606,2
153.107153,-27.572176,2
153.0185,-27.474333,2
153.048887,-27.488133,2
153.0294911,-27.48359807,2
153.034092,-27.42046,2
153.0601071,-27.41620139,2
153.1052149,-27.39650864,2
153.041199,-27.4370115,2
153.031537,-27.457959,2
152.988152,-27.650807,2
153.019166,-27.538792,2
153.0543211,-27.29748607,2
153.028267,-27.412923,2
153.01033,-27.476552,2
153.0400737,-27.47791848,2
153.168751,-27.446131,2
152.984869,-27.38587,2
152.96201,-27.406419,2
153.035703,-27.598419,2
153.0247959,-27.51294887,2
153.024482,-27.468866,2
153.044311,-27.453678,2
153.030365,-27.45193,2
153.0473461,-27.45134544,2
153.0713095,-27.52906185,2
153.015283,-27.53441,2
153.062195,-27.483091,2
153.063508,-27.471872,2
153.119305,-27.482195,2
153.042431,-27.360074,2
153.071679,-27.431903,2
153.029265,-27.44243,2
152.984202,-27.416647,2
152.990254,-27.425378,2
153.058141,-27.505453,2
153.0320643,-27.45838369,2
153.033555,-27.454077,2
153.05794,-27.532758,2
153.0115209,-27.54179934,2
153.109064,-27.463732,2
153.118807,-27.538324,2
153.038251,-27.497364,2
153.080374,-27.423528,2
152.97925,-27.56655,2
153.042757,-27.597981,2
152.924497,-27.434781,2
153.1028369,-27.49150103,2
153.012786,-27.45871,2
153.0200353,-27.52838781,2
153.096293,-27.478085,2
153.062578,-27.452185,2
153.047608,-27.314483,2
153.010875,-27.542711,2
153.005711,-27.557659,2
153.035659,-27.4755228,2
153.047416,-27.428204,2
152.9624046,-27.40932691,2
152.9076404,-27.558658,2
152.933185,-27.582708,2
153.056275,-27.591413,2
152.964922,-27.595716,2
153.013854,-27.42222,2
153.07037,-27.56860479,2
153.1679,-27.4546,2
153.0762486,-27.53947297,2
153.097293,-27.46425,2
153.0880893,-27.45758012,2
152.987939,-27.533175,2
153.1688152,-27.44288613,2
153.04101,-27.34442,2
152.992037,-27.419164,2
153.034365,-27.57119,2
153.1254536,-27.51372453,2
153.106459,-27.506001,2
153.020716,-27.464951,2
153.021251,-27.462527,2
152.975627,-27.597713,2
152.984922,-27.478308,2
153.050435,-27.559667,2
153.03111,-27.485072,2
152.9854618,-27.38608906,2
153.08991,-27.366769,2
152.948147,-27.558127,2
153.0219,-27.561287,2
153.061397,-27.505386,2
153.059259,-27.536003,2
153.087306,-27.537017,2
153.013387,-27.321596,2
153.031922,-27.404844,2
153.075011,-27.5648,2
153.095944,-27.584564,2
153.051132,-27.439728,2
153.0275073,-27.47848497,2
153.101244,-27.5181652,2
152.9805545,-27.47714788,2
153.03969,-27.542439,2
153.06431,-27.2837648,2
153.1865357,-27.45438889,2
153.1656333,-27.47759886,2
152.997969,-27.424145,2
153.080082,-27.493019,2
153.0965451,-27.48934552,2
153.039711,-27.504215,2
153.106045,-27.457778,2
152.983292,-27.530465,2
153.100726,-27.592444,2
153.036635,-27.489382,2
153.036317,-27.349757,2
153.020354,-27.392541,2
153.059949,-27.407802,2
152.991645,-27.417855,2
153.021131,-27.462599,2
152.97437,-27.504244,2
153.108442,-27.458139,2
153.024021,-27.31082,2
153.024021,-27.31082,2
152.979978,-27.524761,2
153.030742,-27.485791,2
153.0221979,-27.38394871,2
153.1421767,-27.5448091,2
152.98832,-27.435761,2
153.014593,-27.459815,2
152.97571,-27.597609,2
152.975124,-27.628841,2
152.880293,-27.486051,2
152.975522,-27.511284,2
153.030809,-27.385929,2
153.185097,-27.518526,2
152.990622,-27.442975,2
153.063369,-27.471901,2
153.032823,-27.482235,2
152.920287,-27.601217,2
152.9813032,-27.45544768,2
153.039711,-27.504215,2
152.993207,-27.486004,2
153.0427828,-27.33061754,2
153.027861,-27.48906,2
153.173693,-27.463775,2
153.113583,-27.472857,2
153.011655,-27.391138,2
153.050157,-27.342375,2
153.063002,-27.381904,2
153.014854,-27.422355,2
152.9771994,-27.41191699,2
153.023278,-27.462289,2
152.959821,-27.598325,2
152.966655,-27.579808,2
152.9403687,-27.51339914,2
152.9560739,-27.51570778,2
153.0205188,-27.54395847,2
153.077744,-27.32343,2
153.008416,-27.331373,2
153.052693,-27.389293,2
152.9359504,-27.40095465,2
153.048476,-27.647594,2
153.081037,-27.59908,2
153.020857,-27.448772,2
153.057969,-27.374983,2
153.0486234,-27.60894227,2
153.061977,-27.61146,2
152.946812,-27.529105,2
153.054741,-27.496859,2
153.0284805,-27.45073121,2
152.966136,-27.589284,2
153.016677,-27.41061,2
153.031029,-27.39647,2
153.106562,-27.589282,2
153.10526,-27.579456,2
153.105152,-27.578467,2
153.0350138,-27.3844723,2
153.0151497,-27.3638011,2
153.022479,-27.384823,2
153.031596,-27.401844,2
153.044851,-27.639027,2
152.922396,-27.587299,2
153.019879,-27.517366,2
153.0318887,-27.45573842,2
152.979116,-27.499704,2
152.992197,-27.476374,2
153.065889,-27.477843,2
153.060738,-27.46021,2
153.065703,-27.549982,2
153.084967,-27.562474,2
153.0175997,-27.36393289,2
152.994384,-27.407222,2
152.9433732,-27.57820761,2
153.094212,-27.469224,2
153.040177,-27.49095035,2
152.9871,-27.351824,2
153.069627,-27.652755,2
153.040759,-27.598719,2
153.026525,-27.474008,2
153.023959,-27.467955,2
153.125354,-27.474527,2
153.183289,-27.473475,2
153.041176,-27.429902,2
152.966203,-27.579842,2
152.974399,-27.496984,2
152.9823,-27.536039,2
153.04175,-27.428202,2
153.056681,-27.611651,2
153.013477,-27.467769,2
153.004215,-27.452419,2
153.009299,-27.467284,2
153.060994,-27.493471,2
153.04187,-27.453067,2
153.044104,-27.457871,2
153.031514,-27.456549,2
152.8792,-27.50895,2
153.023216,-27.392821,2
153.048003,-27.478128,2
153.059347,-27.3386,2
152.979871,-27.388499,2
153.064428,-27.589673,2
153.017313,-27.466907,2
152.992996,-27.464651,2
153.035695,-27.463545,2
152.978964,-27.495222,2
153.018719,-27.529734,2
153.060644,-27.47746922,2
153.110153,-27.461014,2
153.081782,-27.487266,2
153.022671,-27.467179,2
153.024263,-27.474175,2
152.958413,-27.625214,2
152.964478,-27.627702,2
152.975401,-27.584619,2
153.051459,-27.475964,2
153.12924,-27.482882,2
153.016137,-27.365341,2
153.04175,-27.428202,2
152.982758,-27.417699,2
152.96197,-27.406122,2
153.0387406,-27.50928624,2
153.112275,-27.546165,2
153.02097,-27.558464,2
153.03563,-27.464163,2
153.021512,-27.385178,2
153.007344,-27.438455,2
153.007355,-27.438312,2
153.024184,-27.568635,2
153.086695,-27.487956,2
153.000447,-27.464857,2
153.033915,-27.453669,2
153.016999,-27.436092,2
152.93987,-27.621171,2
152.994436,-27.445489,2
153.081918,-27.487288,2
153.072146,-27.529867,2
153.081576,-27.543541,2
153.064369,-27.483193,2
153.186503,-27.453303,2
153.184237,-27.472371,2
153.030809,-27.385929,2
153.001641,-27.359185,2
153.060699,-27.587857,2
153.031991,-27.44827,2
153.045611,-27.441513,2
153.049451,-27.31839,2
153.008422,-27.331096,2
153.017554,-27.332473,2
152.999381,-27.554021,2
153.0635234,-27.57481807,2
152.980261,-27.567982,2
153.029395,-27.518288,2
153.0658853,-27.49198891,2
153.030823,-27.459022,2
152.990694,-27.484322,2
153.057127,-27.473523,2
153.0022407,-27.41460811,2
153.062039,-27.571649,2
153.0152486,-27.47568473,2
153.03111,-27.485072,2
153.0123099,-27.38312863,2
153.014582,-27.36373,2
152.994951,-27.353963,2
153.1793999,-27.51272992,2
153.00719,-27.438318,2
152.989066,-27.431586,2
152.975351,-27.413973,2
153.032426,-27.510298,2
153.0092535,-27.4566486,2
153.055283,-27.518225,2
152.888125,-27.555939,2
152.94729,-27.525785,2
153.065002,-27.314146,2
152.980923,-27.566022,2
153.027421,-27.497611,2
153.145128,-27.425348,2
153.029999,-27.38174,2
153.0383767,-27.35856912,2
153.028902,-27.393119,2
153.180211,-27.514397,2
153.023409,-27.43705895,2
153.05226,-27.611318,2
153.061345,-27.493321,2
152.97841,-27.598228,2
153.021334,-27.526829,2
152.981417,-27.525888,2
153.046652,-27.479623,2
153.156222,-27.453003,2
153.025034,-27.372706,2
153.033808,-27.386363,2
153.082179,-27.371979,2
153.08512,-27.414611,2
153.043191,-27.604425,2
153.060699,-27.587857,2
153.078178,-27.613334,2
153.039247,-27.448745,2
152.98609,-27.478574,2
153.106292,-27.577651,2
153.180864,-27.486604,2
153.055687,-27.391562,2
153.0427312,-27.4319536,2
153.027076,-27.437526,2
153.048138,-27.608701,2
153.063087,-27.500283,2
153.0577439,-27.53481577,2
153.032296,-27.48806,2
153.144989,-27.439985,2
153.01417,-27.37589,2
153.007434,-27.656415,2
153.059616,-27.403344,2
153.032512,-27.40688,2
152.926992,-27.562431,2
153.073053,-27.59671,2
153.046654,-27.450335,2
153.09276,-27.530327,2
153.034052,-27.412365,2
152.960504,-27.413747,2
152.9960626,-27.4428166,2
152.9946619,-27.59297252,2
152.979182,-27.490759,2
153.011308,-27.409766,2
153.031508,-27.39998,2
153.060459,-27.352338,2
153.062346,-27.37383,2
153.090818,-27.382904,2
152.94379,-27.427446,2
152.986462,-27.400662,2
153.040642,-27.6529014,2
152.928802,-27.59655,2
152.92393,-27.592466,2
153.086253,-27.516274,2
153.011353,-27.642933,2
153.017161,-27.556048,2
153.008201,-27.332224,2
153.084146,-27.565299,2
153.006853,-27.441764,2
153.030802,-27.394051,2
153.095032,-27.611741,2
153.06446,-27.54657,2
152.990645,-27.364477,2
153.014405,-27.425043,2
152.983608,-27.418407,2
152.999637,-27.422321,2
152.96133,-27.575994,2
153.082024,-27.519484,2
153.106415,-27.464956,2
153.066128,-27.561076,2
153.0225841,-27.4799846,2
152.989845,-27.379777,2
153.058573,-27.430212,2
153.062671,-27.406677,2
153.031904,-27.432939,2
153.105218,-27.3515118,2
153.087514,-27.417929,2
152.99828,-27.404358,2
152.972751,-27.572626,2
153.042655,-27.577904,2
153.029067,-27.557896,2
153.005687,-27.557795,2
153.093085,-27.577102,2
153.1533972,-27.50960398,2
153.031894,-27.433306,2
153.103546,-27.501827,2
153.012173,-27.463923,2
152.941178,-27.517133,2
152.9818187,-27.53112255,2
153.086182,-27.583428,2
153.098301,-27.583289,2
153.025614,-27.348191,2
153.023221,-27.373426,2
153.017072,-27.363815,2
152.9857923,-27.47378793,2
153.059353,-27.472566,2
153.090354,-27.554524,2
153.032896,-27.488655,2
153.040348,-27.558825,2
153.0509871,-27.324199,2
153.046532,-27.630596,2
153.027298,-27.588501,2
153.134202,-27.54724,2
153.076973,-27.535651,2
153.185466,-27.372108,2
153.053808,-27.415359,2
153.042921,-27.43219,2
152.9995267,-27.49899322,2
153.033004,-27.309869,2
153.008108,-27.556039,2
153.021604,-27.482375,2
153.0912623,-27.43655845,2
152.974061,-27.413333,2
153.033674,-27.453915,2
153.004886,-27.594318,2
153.019072,-27.292412,2
153.035485,-27.473188,2
153.165404,-27.476166,2
153.03994,-27.453476,2
153.071649,-27.461069,2
152.805795,-27.546387,2